OrderID,OrderDate,ShipDate,Delivered Date,Country, Products ,Units Sold, Manufacturing Price , Sale Price , Gross Sales , Discounts ,  Sales , COGS ,  Profit  ,TerritoryID,PromotionID,ShipModeID,ProductID
ORD-000001,01-01-2022,02-01-2022,03-01-2022,Mexico, Electronics ,1445,3,12,17340,173.4,17166.6,4335,12831.6,4,PR002,3,P0001
ORD-000001,01-01-2022,02-01-2022,06-01-2022,India, Electronics ,330,3,125,41250,412.5,40837.5,39600,1237.5,3,PR003,2,P0001
ORD-000001,03-01-2022,04-01-2022,11-01-2022,India, Electronics ,2671,3,12,32052,320.52,31731.48,8013,23718.48,3,PR001,4,P0001
ORD-000002,04-01-2022,05-01-2022,06-01-2022,India, Electronics ,766,3,12,9192,91.92,9100.08,2298,6802.08,3,PR004,3,P0001
ORD-000002,05-01-2022,06-01-2022,13-01-2022,Mexico, Electronics ,494,3,300,148200,1482,146718,123500,23218,4,PR003,1,P0001
ORD-000002,06-01-2022,07-01-2022,14-01-2022,Germany, Electronics ,1397,3,350,488950,4889.5,484060.5,363220,120840.5,2,PR003,4,P0001
ORD-000003,07-01-2022,08-01-2022,12-01-2022,Germany, Mens Fashion ,2155,3,350,754250,7542.5,746707.5,560300,186407.5,2,PR004,2,P0002
ORD-000003,08-01-2022,09-01-2022,10-01-2022,Mexico, Mens Fashion ,2214,5,15,33210,332.1,32877.9,22140,10737.9,4,PR003,3,P0002
ORD-000003,09-01-2022,10-01-2022,12-01-2022,India, Mens Fashion ,2301,5,300,690300,6903,683397,575250,108147,3,PR003,2,P0002
ORD-000004,10-01-2022,11-01-2022,16-01-2022,India, Mens Fashion ,1375.5,5,20,27510,275.1,27234.9,13755,13479.9,3,PR002,1,P0002
ORD-000004,11-01-2022,12-01-2022,13-01-2022,Germany, Mens Fashion ,1830,5,7,12810,128.1,12681.9,9150,3531.9,2,PR004,3,P0002
ORD-000004,12-01-2022,13-01-2022,18-01-2022,India, Mens Fashion ,2498,5,300,749400,7494,741906,624500,117406,3,PR001,1,P0002
ORD-000005,13-01-2022,14-01-2022,19-01-2022,Brazil, Mens Fashion ,2009,120,125,251125,7533.75,243591.25,241080,2511.25,1,PR003,1,P0002
ORD-000005,14-01-2022,15-01-2022,22-01-2022,Germany, Mens Fashion ,2844,250,300,853200,25596,827604,711000,116604,2,PR004,4,P0002
ORD-000005,15-01-2022,16-01-2022,18-01-2022,India, Mens Fashion ,1916,250,12,22992,689.76,22302.24,5748,16554.24,3,PR002,2,P0002
ORD-000006,16-01-2022,17-01-2022,18-01-2022,Germany, Mens Fashion ,1570,250,125,196250,5887.5,190362.5,188400,1962.5,2,PR001,3,P0002
ORD-000006,17-01-2022,18-01-2022,26-01-2022,Brazil, Womens Fashion ,1874,250,300,562200,16866,545334,468500,76834,1,PR004,1,P0003
ORD-000006,18-01-2022,19-01-2022,27-01-2022,Germany, Womens Fashion ,1642,250,350,574700,17241,557459,426920,130539,2,PR001,1,P0003
ORD-000007,19-01-2022,20-01-2022,21-01-2022,Germany, Womens Fashion ,1945,250,15,29175,875.25,28299.75,19450,8849.75,2,PR001,3,P0003
ORD-000007,20-01-2022,21-01-2022,29-01-2022,Germany, Womens Fashion ,831,3,20,16620,498.6,16121.4,8310,7811.4,2,PR001,1,P0003
ORD-000007,21-01-2022,22-01-2022,29-01-2022,Germany, Womens Fashion ,1760,10,7,12320,369.6,11950.4,8800,3150.4,2,PR003,4,P0003
ORD-000008,22-01-2022,23-01-2022,30-01-2022,Brazil, Womens Fashion ,3850.5,120,20,77010,2310.3,74699.7,38505,36194.7,1,PR003,4,P0003
ORD-000008,23-01-2022,24-01-2022,31-01-2022,Mexico, Womens Fashion ,2479,250,12,29748,892.44,28855.56,7437,21418.56,4,PR002,4,P0003
ORD-000008,24-01-2022,25-01-2022,01-02-2022,Germany, Womens Fashion ,2031,5,15,30465,1218.6,29246.4,20310,8936.4,2,PR002,4,P0003
ORD-000009,25-01-2022,26-01-2022,31-01-2022,Germany, Womens Fashion ,2031,10,15,30465,1218.6,29246.4,20310,8936.4,2,PR004,1,P0003
ORD-000009,26-01-2022,27-01-2022,28-01-2022,India, Womens Fashion ,1303,10,20,26060,1303,24757,13030,11727,3,PR002,3,P0003
ORD-000009,27-01-2022,28-01-2022,29-01-2022,Germany, Womens Fashion ,2992,10,125,374000,18700,355300,359040,"-3,740.00",2,PR001,3,P0003
ORD-000010,28-01-2022,29-01-2022,30-01-2022,India, Womens Fashion ,2385,10,125,298125,14906.25,283218.75,286200,"-2,981.25",3,PR001,3,P0003
ORD-000010,29-01-2022,30-01-2022,31-01-2022,Mexico, Womens Fashion ,1607,10,300,482100,24105,457995,401750,56245,4,PR003,3,P0003
ORD-000010,30-01-2022,31-01-2022,02-02-2022,Brazil, Womens Fashion ,2327,10,7,16289,814.45,15474.55,11635,3839.55,1,PR001,2,P0003
ORD-000011,31-01-2022,01-02-2022,02-02-2022,Brazil, Womens Fashion ,991,10,300,297300,14865,282435,247750,34685,1,PR004,3,P0003
ORD-000011,01-02-2022,02-02-2022,04-02-2022,Mexico, Team Sports ,602,10,350,210700,10535,200165,156520,43645,4,PR001,2,P0004
ORD-000011,02-02-2022,03-02-2022,05-02-2022,Brazil, Team Sports ,2620,10,15,39300,1965,37335,26200,11135,1,PR001,2,P0004
ORD-000012,03-02-2022,04-02-2022,11-02-2022,Mexico, Team Sports ,1228,10,350,429800,21490,408310,319280,89030,4,PR004,4,P0004
ORD-000012,04-02-2022,05-02-2022,07-02-2022,Mexico, Team Sports ,1389,10,20,27780,1389,26391,13890,12501,4,PR002,2,P0004
ORD-000012,05-02-2022,06-02-2022,11-02-2022,Mexico, Team Sports ,861,10,125,107625,5381.25,102243.75,103320,"-1,076.25",4,PR002,1,P0004
ORD-000013,06-02-2022,07-02-2022,09-02-2022,Brazil, Team Sports ,704,10,125,88000,4400,83600,84480,-880,1,PR004,2,P0004
ORD-000013,07-02-2022,08-02-2022,15-02-2022,India, Team Sports ,959,250,300,287700,20219,267561,239750,27811,3,PR003,4,P0004
ORD-000013,08-02-2022,09-02-2022,11-02-2022,Mexico, Footwears ,2747,250,300,824100,57687,766413,686750,79663,4,PR001,2,P0005
ORD-000014,09-02-2022,10-02-2022,15-02-2022,Germany, Footwears ,1645,260,125,205625,14393.75,191231.25,197400,"-6,168.75",2,PR004,1,P0005
ORD-000014,10-02-2022,11-02-2022,17-02-2022,Brazil, Footwears ,2876,260,350,1006600,70462,936138,747760,188378,1,PR001,1,P0005
ORD-000014,11-02-2022,12-02-2022,18-02-2022,Mexico, Footwears ,994,260,125,124250,8697.5,115552.5,119280,"-3,727.50",4,PR003,1,P0005
ORD-000015,12-02-2022,13-02-2022,20-02-2022,Mexico, Footwears ,1118,260,20,22360,1565.2,20794.8,11180,9614.8,4,PR001,4,P0005
ORD-000015,13-02-2022,14-02-2022,21-02-2022,Germany, Footwears ,1372,260,300,411600,28812,382788,343000,39788,2,PR004,4,P0005
ORD-000015,14-02-2022,15-02-2022,16-02-2022,India, Footwears ,488,5,7,3416,273.28,3142.72,2440,702.72,3,PR001,3,P0005
ORD-000016,15-02-2022,16-02-2022,23-02-2022,India, Stationery,1159,5,7,8113,405.65,7707.35,5795,1912.35,3,PR002,4,P0006
ORD-000016,16-02-2022,17-02-2022,23-02-2022,India, Stationery,1372,10,7,9604,480.2,9123.8,6860,2263.8,3,PR003,1,P0006
ORD-000016,17-02-2022,18-02-2022,24-02-2022,Mexico, Stationery,2349,10,7,16443,822.15,15620.85,11745,3875.85,4,PR003,1,P0006
ORD-000017,18-02-2022,19-02-2022,27-02-2022,Mexico, Stationery,2689,10,7,18823,941.15,17881.85,13445,4436.85,4,PR003,4,P0006
ORD-000017,19-02-2022,20-02-2022,22-02-2022,Mexico, Stationery,2431,10,12,29172,1458.6,27713.4,7293,20420.4,4,PR004,2,P0006
ORD-000017,20-02-2022,21-02-2022,28-02-2022,Brazil, Stationery,2431,120,12,29172,1458.6,27713.4,7293,20420.4,1,PR003,4,P0006
ORD-000018,21-02-2022,22-02-2022,01-03-2022,Germany, Stationery,2689,250,7,18823,941.15,17881.85,13445,4436.85,2,PR002,4,P0006
ORD-000018,22-02-2022,23-02-2022,28-02-2022,Mexico, Stationery,570,3,7,3990,199.5,3790.5,2850,940.5,4,PR004,1,P0006
ORD-000018,23-02-2022,24-02-2022,25-02-2022,Germany, Womens Fashion ,3945,10,7,27615,276.15,27338.85,19725,7613.85,2,PR002,3,P0003
ORD-000019,24-02-2022,25-02-2022,02-03-2022,Germany, Womens Fashion ,2296,10,15,34440,344.4,34095.6,22960,11135.6,2,PR001,1,P0003
ORD-000019,25-02-2022,26-02-2022,27-02-2022,India, Womens Fashion ,1030,10,7,7210,72.1,7137.9,5150,1987.9,3,PR001,3,P0003
ORD-000019,26-02-2022,27-02-2022,04-03-2022,Brazil, Team Sports ,639,120,7,4473,44.73,4428.27,3195,1233.27,1,PR001,1,P0004
ORD-000020,27-02-2022,28-02-2022,07-03-2022,Mexico, Footwears ,1326,250,7,9282,92.82,9189.18,6630,2559.18,4,PR001,4,P0005
ORD-000020,28-02-2022,01-03-2022,06-03-2022,India, Electronics ,1858,3,12,22296,222.96,22073.04,5574,16499.04,3,PR002,1,P0001
ORD-000020,01-03-2022,02-03-2022,07-03-2022,India, Electronics ,1210,3,350,423500,4235,419265,314600,104665,3,PR004,1,P0001
ORD-000021,02-03-2022,03-03-2022,08-03-2022,Mexico, Electronics ,2529,3,7,17703,177.03,17525.97,12645,4880.97,4,PR004,1,P0001
ORD-000021,03-03-2022,04-03-2022,11-03-2022,Germany, Electronics ,1445,3,12,17340,173.4,17166.6,4335,12831.6,2,PR003,4,P0001
ORD-000021,04-03-2022,05-03-2022,12-03-2022,India, Electronics ,330,3,125,41250,412.5,40837.5,39600,1237.5,3,PR002,4,P0001
ORD-000022,05-03-2022,06-03-2022,13-03-2022,Germany, Electronics ,2671,3,12,32052,320.52,31731.48,8013,23718.48,2,PR001,4,P0001
ORD-000022,06-03-2022,07-03-2022,14-03-2022,Brazil, Electronics ,766,3,12,9192,91.92,9100.08,2298,6802.08,1,PR002,4,P0001
ORD-000022,07-03-2022,08-03-2022,09-03-2022,Germany, Electronics ,494,3,300,148200,1482,146718,123500,23218,2,PR003,3,P0001
ORD-000023,08-03-2022,09-03-2022,10-03-2022,Brazil, Electronics ,1397,3,350,488950,4889.5,484060.5,363220,120840.5,1,PR003,3,P0001
ORD-000023,09-03-2022,10-03-2022,12-03-2022,Germany, Electronics ,2155,3,350,754250,7542.5,746707.5,560300,186407.5,2,PR002,2,P0001
ORD-000023,10-03-2022,11-03-2022,18-03-2022,India, Mens Fashion ,2214,5,15,33210,332.1,32877.9,22140,10737.9,3,PR002,4,P0002
ORD-000024,11-03-2022,12-03-2022,13-03-2022,India, Mens Fashion ,2301,5,300,690300,6903,683397,575250,108147,3,PR002,3,P0002
ORD-000024,12-03-2022,13-03-2022,18-03-2022,Brazil, Mens Fashion ,1375.5,5,20,27510,275.1,27234.9,13755,13479.9,1,PR004,1,P0002
ORD-000024,13-03-2022,14-03-2022,23-03-2022,Mexico, Mens Fashion ,1830,5,7,12810,128.1,12681.9,9150,3531.9,4,PR001,4,P0002
ORD-000025,14-03-2022,15-03-2022,17-03-2022,Brazil, Mens Fashion ,2498,5,300,749400,7494,741906,624500,117406,1,PR002,2,P0002
ORD-000025,15-03-2022,16-03-2022,18-03-2022,Brazil, Mens Fashion ,663,5,125,82875,828.75,82046.25,79560,2486.25,1,PR002,2,P0002
ORD-000025,16-03-2022,17-03-2022,19-03-2022,Germany, Womens Fashion ,1514,10,15,22710,227.1,22482.9,15140,7342.9,2,PR002,2,P0003
ORD-000026,17-03-2022,18-03-2022,23-03-2022,Germany, Womens Fashion ,4492.5,10,7,31447.5,314.48,31133.03,22462.5,8670.53,2,PR003,1,P0003
ORD-000026,18-03-2022,19-03-2022,20-03-2022,Brazil, Womens Fashion ,727,10,125,90875,908.75,89966.25,87240,2726.25,1,PR003,3,P0003
ORD-000026,19-03-2022,20-03-2022,25-03-2022,India, Womens Fashion ,787,10,125,98375,983.75,97391.25,94440,2951.25,3,PR004,1,P0003
ORD-000027,20-03-2022,21-03-2022,28-03-2022,Germany, Womens Fashion ,1823,10,125,227875,2278.75,225596.25,218760,6836.25,2,PR001,4,P0003
ORD-000027,21-03-2022,22-03-2022,24-03-2022,Mexico, Womens Fashion ,747,10,15,11205,112.05,11092.95,7470,3622.95,4,PR004,2,P0003
ORD-000027,22-03-2022,23-03-2022,28-03-2022,Germany, Womens Fashion ,766,10,12,9192,91.92,9100.08,2298,6802.08,2,PR001,1,P0003
ORD-000028,23-03-2022,24-03-2022,29-03-2022,Germany, Womens Fashion ,2905,10,300,871500,8715,862785,726250,136535,2,PR003,1,P0003
ORD-000028,24-03-2022,25-03-2022,26-03-2022,Mexico, Womens Fashion ,2155,10,350,754250,7542.5,746707.5,560300,186407.5,4,PR003,3,P0003
ORD-000028,25-03-2022,26-03-2022,27-03-2022,Brazil, Team Sports ,3864,120,20,77280,772.8,76507.2,38640,37867.2,1,PR003,3,P0004
ORD-000029,26-03-2022,27-03-2022,29-03-2022,Mexico, Team Sports ,362,120,7,2534,25.34,2508.66,1810,698.66,4,PR004,2,P0004
ORD-000029,27-03-2022,28-03-2022,02-04-2022,Brazil, Team Sports ,923,120,125,115375,1153.75,114221.25,110760,3461.25,1,PR002,1,P0004
ORD-000029,28-03-2022,29-03-2022,03-04-2022,Brazil, Team Sports ,663,120,125,82875,828.75,82046.25,79560,2486.25,1,PR002,1,P0004
ORD-000030,29-03-2022,30-03-2022,31-03-2022,Brazil, Team Sports ,2092,120,7,14644,146.44,14497.56,10460,4037.56,1,PR003,3,P0004
ORD-000030,30-03-2022,31-03-2022,05-04-2022,Mexico, Footwears ,263,250,7,1841,18.41,1822.59,1315,507.59,4,PR002,1,P0005
ORD-000030,31-03-2022,01-04-2022,06-04-2022,Brazil, Footwears ,943.5,250,350,330225,3302.25,326922.75,245310,81612.75,1,PR002,1,P0005
ORD-000031,01-04-2022,02-04-2022,07-04-2022,India, Footwears ,727,250,125,90875,908.75,89966.25,87240,2726.25,3,PR004,1,P0005
ORD-000031,02-04-2022,03-04-2022,04-04-2022,Mexico, Footwears ,787,250,125,98375,983.75,97391.25,94440,2951.25,4,PR001,3,P0005
ORD-000031,03-04-2022,04-04-2022,06-04-2022,India, Footwears ,986,250,300,295800,2958,292842,246500,46342,3,PR003,2,P0005
ORD-000032,04-04-2022,05-04-2022,12-04-2022,Brazil, Footwears ,494,250,300,148200,1482,146718,123500,23218,1,PR003,4,P0005
ORD-000032,05-04-2022,06-04-2022,08-04-2022,Germany, Footwears ,1397,250,350,488950,4889.5,484060.5,363220,120840.5,2,PR004,2,P0005
ORD-000032,06-04-2022,07-04-2022,14-04-2022,Brazil, Footwears ,1744,250,125,218000,2180,215820,209280,6540,1,PR004,4,P0005
ORD-000033,07-04-2022,08-04-2022,13-04-2022,India, Stationery,1989,260,12,23868,238.68,23629.32,5967,17662.32,3,PR002,1,P0006
ORD-000033,08-04-2022,09-04-2022,11-04-2022,India, Stationery,321,260,15,4815,48.15,4766.85,3210,1556.85,3,PR003,2,P0006
ORD-000033,09-04-2022,10-04-2022,17-04-2022,Mexico, Electronics ,742.5,3,125,92812.5,1856.25,90956.25,89100,1856.25,4,PR001,4,P0001
ORD-000034,10-04-2022,11-04-2022,12-04-2022,Germany, Electronics ,1295,3,12,15540,310.8,15229.2,3885,11344.2,2,PR004,3,P0001
ORD-000034,11-04-2022,12-04-2022,13-04-2022,Mexico, Electronics ,214,3,300,64200,1284,62916,53500,9416,4,PR001,3,P0001
ORD-000034,12-04-2022,13-04-2022,15-04-2022,India, Electronics ,2145,3,7,15015,300.3,14714.7,10725,3989.7,3,PR001,2,P0001
ORD-000035,13-04-2022,14-04-2022,16-04-2022,Brazil, Electronics ,2852,3,350,998200,19964,978236,741520,236716,1,PR003,2,P0001
ORD-000035,14-04-2022,15-04-2022,20-04-2022,Germany, Mens Fashion ,1142,5,12,13704,274.08,13429.92,3426,10003.92,2,PR003,1,P0002
ORD-000035,15-04-2022,16-04-2022,18-04-2022,Brazil, Mens Fashion ,1566,5,20,31320,626.4,30693.6,15660,15033.6,1,PR004,2,P0002
ORD-000036,16-04-2022,17-04-2022,22-04-2022,Brazil, Mens Fashion ,690,5,12,8280,165.6,8114.4,2070,6044.4,1,PR003,1,P0002
ORD-000036,17-04-2022,18-04-2022,23-04-2022,Germany, Mens Fashion ,1660,5,125,207500,4150,203350,199200,4150,2,PR003,1,P0002
ORD-000036,18-04-2022,19-04-2022,20-04-2022,Mexico, Womens Fashion ,2363,10,15,35445,708.9,34736.1,23630,11106.1,4,PR003,3,P0003
ORD-000037,19-04-2022,20-04-2022,21-04-2022,Brazil, Womens Fashion ,918,10,300,275400,5508,269892,229500,40392,1,PR001,3,P0003
ORD-000037,20-04-2022,21-04-2022,28-04-2022,India, Womens Fashion ,1728,10,300,518400,10368,508032,432000,76032,3,PR004,4,P0003
ORD-000037,21-04-2022,22-04-2022,23-04-2022,Brazil, Womens Fashion ,1142,10,12,13704,274.08,13429.92,3426,10003.92,1,PR002,3,P0003
ORD-000038,22-04-2022,23-04-2022,24-04-2022,Germany, Womens Fashion ,662,10,125,82750,1655,81095,79440,1655,2,PR001,3,P0003
ORD-000038,23-04-2022,24-04-2022,26-04-2022,Germany, Womens Fashion ,1295,10,12,15540,310.8,15229.2,3885,11344.2,2,PR003,2,P0003
ORD-000038,24-04-2022,25-04-2022,26-04-2022,Germany, Womens Fashion ,809,10,125,101125,2022.5,99102.5,97080,2022.5,2,PR001,3,P0003
ORD-000039,25-04-2022,26-04-2022,03-05-2022,Mexico, Womens Fashion ,2145,10,125,268125,5362.5,262762.5,257400,5362.5,4,PR003,4,P0003
ORD-000039,26-04-2022,27-04-2022,29-04-2022,Brazil, Womens Fashion ,1785,10,12,21420,428.4,20991.6,5355,15636.6,1,PR003,2,P0003
ORD-000039,27-04-2022,28-04-2022,05-05-2022,Mexico, Womens Fashion ,1916,10,300,574800,11496,563304,479000,84304,4,PR001,4,P0003
ORD-000040,28-04-2022,29-04-2022,30-04-2022,Mexico, Womens Fashion ,2852,10,350,998200,19964,978236,741520,236716,4,PR004,3,P0003
ORD-000040,29-04-2022,30-04-2022,07-05-2022,Germany, Womens Fashion ,2729,10,125,341125,6822.5,334302.5,327480,6822.5,2,PR003,4,P0003
ORD-000040,30-04-2022,01-05-2022,03-05-2022,Germany, Womens Fashion ,1925,10,15,28875,577.5,28297.5,19250,9047.5,2,PR004,2,P0003
ORD-000041,01-05-2022,02-05-2022,07-05-2022,Mexico, Womens Fashion ,2021,10,7,14091,281.82,13809.18,10065,3744.18,4,PR002,1,P0003
ORD-000041,02-05-2022,03-05-2022,10-05-2022,Brazil, Womens Fashion ,1055,10,12,12660,253.2,12406.8,3165,9241.8,1,PR003,4,P0003
ORD-000041,03-05-2022,04-05-2022,11-05-2022,India, Womens Fashion ,1084,10,12,13008,260.16,12747.84,3252,9495.84,3,PR004,4,P0003
ORD-000042,04-05-2022,05-05-2022,07-05-2022,Mexico, Team Sports ,1566,120,20,31320,626.4,30693.6,15660,15033.6,4,PR004,2,P0004
ORD-000042,05-05-2022,06-05-2022,08-05-2022,Brazil, Team Sports ,2966,120,350,1038100,20762,1017338,771160,246178,1,PR002,2,P0004
ORD-000042,06-05-2022,07-05-2022,14-05-2022,Germany, Team Sports ,2877,120,350,1006950,20219,986811,748020,238791,2,PR004,4,P0004
ORD-000043,07-05-2022,08-05-2022,09-05-2022,Germany, Team Sports ,809,120,125,101125,2022.5,99102.5,97080,2022.5,2,PR004,3,P0004
ORD-000043,08-05-2022,09-05-2022,16-05-2022,Brazil, Team Sports ,2145,120,125,268125,5362.5,262762.5,257400,5362.5,1,PR002,4,P0004
ORD-000043,09-05-2022,10-05-2022,12-05-2022,India, Team Sports ,1055,120,12,12660,253.2,12406.8,3165,9241.8,3,PR003,2,P0004
ORD-000044,10-05-2022,11-05-2022,16-05-2022,Germany, Team Sports ,544,120,20,10880,217.6,10662.4,5440,5222.4,2,PR004,1,P0004
ORD-000044,11-05-2022,12-05-2022,17-05-2022,Germany, Team Sports ,1084,120,12,13008,260.16,12747.84,3252,9495.84,2,PR004,1,P0004
ORD-000044,12-05-2022,13-05-2022,14-05-2022,Germany, Footwears ,662,250,125,82750,1655,81095,79440,1655,2,PR004,3,P0005
ORD-000045,13-05-2022,14-05-2022,21-05-2022,Brazil, Footwears ,214,250,300,64200,1284,62916,53500,9416,1,PR001,4,P0005
ORD-000045,14-05-2022,15-05-2022,20-05-2022,Mexico, Footwears ,2877,250,350,1006950,20219,986811,748020,238791,4,PR002,1,P0005
ORD-000045,15-05-2022,16-05-2022,23-05-2022,Germany, Footwears ,2729,250,125,341125,6822.5,334302.5,327480,6822.5,2,PR001,4,P0005
ORD-000046,16-05-2022,17-05-2022,19-05-2022,Mexico, Footwears ,266,250,350,93100,1862,91238,69160,22078,4,PR002,2,P0005
ORD-000046,17-05-2022,18-05-2022,23-05-2022,India, Footwears ,1940,250,350,679000,13580,665420,504400,161020,3,PR003,1,P0005
ORD-000046,18-05-2022,19-05-2022,20-05-2022,Germany, Stationery,259,260,300,77700,1554,76146,64750,11396,2,PR003,3,P0006
ORD-000047,19-05-2022,20-05-2022,26-05-2022,Germany, Stationery,1101,260,300,330300,6606,323694,275250,48444,2,PR004,2,P0006
ORD-000047,20-05-2022,21-05-2022,22-05-2022,India, Stationery,2276,260,125,284500,5690,278810,273120,5690,3,PR002,3,P0006
ORD-000047,21-05-2022,22-05-2022,24-05-2022,Germany, Stationery,2966,260,350,1038100,20762,1017338,771160,246178,2,PR003,2,P0006
ORD-000048,22-05-2022,23-05-2022,28-05-2022,Mexico, Stationery,1236,260,20,24720,494.4,24225.6,12360,11865.6,4,PR002,1,P0006
ORD-000048,23-05-2022,24-05-2022,25-05-2022,Brazil, Stationery,941,260,20,18820,376.4,18443.6,9410,9033.6,1,PR003,3,P0006
ORD-000048,24-05-2022,25-05-2022,26-05-2022,Mexico, Stationery,1916,260,300,574800,11496,563304,479000,84304,4,PR001,3,P0006
ORD-000049,25-05-2022,26-05-2022,28-05-2022,Brazil, Electronics ,4243.5,3,125,530437.5,15913.13,514524.38,509220,5304.38,1,PR003,2,P0001
ORD-000049,26-05-2022,27-05-2022,28-05-2022,Brazil, Electronics ,2580,3,20,51600,1548,50052,25800,24252,1,PR001,3,P0001
ORD-000049,27-05-2022,28-05-2022,03-06-2022,Mexico, Electronics ,689,3,300,206700,6201,200499,172250,28249,4,PR003,2,P0001
ORD-000050,28-05-2022,29-05-2022,31-05-2022,Mexico, Electronics ,1947,3,12,23364,700.92,22663.08,5841,16822.08,4,PR004,2,P0001
ORD-000050,29-05-2022,30-05-2022,01-06-2022,Mexico, Electronics ,908,3,12,10896,326.88,10569.12,2724,7845.12,4,PR001,2,P0001
ORD-000050,30-05-2022,31-05-2022,02-06-2022,Mexico, Mens Fashion ,1958,5,7,13706,411.18,13294.82,9790,3504.82,4,PR003,2,P0002
ORD-000051,31-05-2022,01-06-2022,06-06-2022,India, Mens Fashion ,1901,5,12,22812,684.36,22127.64,5703,16424.64,3,PR004,1,P0002
ORD-000051,01-06-2022,02-06-2022,04-06-2022,Germany, Mens Fashion ,544,5,7,3808,114.24,3693.76,2720,973.76,2,PR001,2,P0002
ORD-000051,02-06-2022,03-06-2022,08-06-2022,Brazil, Mens Fashion ,1797,5,350,628950,18868.5,610081.5,467220,142861.5,1,PR004,4,P0002
ORD-000052,03-06-2022,04-06-2022,05-06-2022,Mexico, Mens Fashion ,1287,5,125,160875,4826.25,156048.75,154440,1608.75,4,PR002,3,P0002
ORD-000052,04-06-2022,05-06-2022,12-06-2022,Mexico, Mens Fashion ,1706,5,125,213250,6397.5,206852.5,204720,2132.5,4,PR002,4,P0002
ORD-000052,05-06-2022,06-06-2022,11-06-2022,Mexico, Womens Fashion ,2434.5,10,300,730350,21910.5,708439.5,608625,99814.5,4,PR001,1,P0003
ORD-000053,06-06-2022,07-06-2022,14-06-2022,India, Womens Fashion ,1774,10,125,221750,6652.5,215097.5,212880,2217.5,3,PR003,4,P0003
ORD-000053,07-06-2022,08-06-2022,09-06-2022,Mexico, Womens Fashion ,1901,10,12,22812,684.36,22127.64,5703,16424.64,4,PR001,3,P0003
ORD-000053,08-06-2022,09-06-2022,16-06-2022,Mexico, Womens Fashion ,689,10,300,206700,6201,200499,172250,28249,4,PR004,4,P0003
ORD-000054,09-06-2022,10-06-2022,15-06-2022,Mexico, Womens Fashion ,1570,10,125,196250,5887.5,190362.5,188400,1962.5,4,PR003,1,P0003
ORD-000054,10-06-2022,11-06-2022,13-06-2022,Germany, Womens Fashion ,1369.5,10,12,16434,493.02,15940.98,4108.5,11832.48,2,PR002,2,P0003
ORD-000054,11-06-2022,12-06-2022,19-06-2022,India, Womens Fashion ,2009,10,125,251125,7533.75,243591.25,241080,2511.25,3,PR003,4,P0003
ORD-000055,12-06-2022,13-06-2022,18-06-2022,Mexico, Womens Fashion ,1945,10,15,29175,875.25,28299.75,19450,8849.75,4,PR002,1,P0003
ORD-000055,13-06-2022,14-06-2022,19-06-2022,Brazil, Womens Fashion ,1287,10,125,160875,4826.25,156048.75,154440,1608.75,1,PR003,1,P0003
ORD-000055,14-06-2022,15-06-2022,16-06-2022,Brazil, Womens Fashion ,1706,10,125,213250,6397.5,206852.5,204720,2132.5,1,PR003,3,P0003
ORD-000056,15-06-2022,16-06-2022,17-06-2022,Brazil, Team Sports ,2009,120,125,251125,7533.75,243591.25,241080,2511.25,1,PR003,3,P0004
ORD-000056,16-06-2022,17-06-2022,24-06-2022,India, Footwears ,2844,250,300,853200,25596,827604,711000,116604,3,PR004,4,P0005
ORD-000056,17-06-2022,18-06-2022,20-06-2022,India, Footwears ,1916,250,12,22992,689.76,22302.24,5748,16554.24,3,PR004,2,P0005
ORD-000057,18-06-2022,19-06-2022,24-06-2022,Brazil, Footwears ,1570,250,125,196250,5887.5,190362.5,188400,1962.5,1,PR001,1,P0005
ORD-000057,19-06-2022,20-06-2022,27-06-2022,Mexico, Footwears ,1874,250,300,562200,16866,545334,468500,76834,4,PR001,4,P0005
ORD-000057,20-06-2022,21-06-2022,26-06-2022,India, Footwears ,1642,250,350,574700,17241,557459,426920,130539,3,PR002,1,P0005
ORD-000058,21-06-2022,22-06-2022,27-06-2022,Brazil, Footwears ,1945,250,15,29175,875.25,28299.75,19450,8849.75,1,PR004,1,P0005
ORD-000058,22-06-2022,23-06-2022,25-06-2022,Brazil, Electronics ,831,3,20,16620,498.6,16121.4,8310,7811.4,1,PR002,2,P0001
ORD-000058,23-06-2022,24-06-2022,26-06-2022,Mexico, Womens Fashion ,1760,10,7,12320,369.6,11950.4,8800,3150.4,4,PR001,2,P0003
ORD-000059,24-06-2022,25-06-2022,02-07-2022,Germany, Team Sports ,3850.5,120,20,77010,2310.3,74699.7,38505,36194.7,2,PR002,4,P0004
ORD-000059,25-06-2022,26-06-2022,28-06-2022,India, Footwears ,2479,250,12,29748,892.44,28855.56,7437,21418.56,3,PR001,2,P0005
ORD-000059,26-06-2022,27-06-2022,29-06-2022,Mexico, Mens Fashion ,2031,5,15,30465,1218.6,29246.4,20310,8936.4,4,PR004,2,P0002
ORD-000060,27-06-2022,28-06-2022,05-07-2022,Brazil, Womens Fashion ,2031,10,15,30465,1218.6,29246.4,20310,8936.4,1,PR003,4,P0003
ORD-000060,28-06-2022,29-06-2022,01-07-2022,Brazil, Womens Fashion ,2261,10,15,33915,1356.6,32558.4,22610,9948.4,1,PR004,2,P0003
ORD-000060,29-06-2022,30-06-2022,01-07-2022,Mexico, Team Sports ,736,120,20,14720,588.8,14131.2,7360,6771.2,4,PR002,3,P0004
ORD-000061,30-06-2022,01-07-2022,06-07-2022,India, Electronics ,2851,3,7,19957,798.28,19158.72,14255,4903.72,3,PR002,1,P0001
ORD-000061,01-07-2022,02-07-2022,07-07-2022,Germany, Electronics ,2021,3,300,606300,24252,582048,505250,76798,2,PR004,1,P0001
ORD-000061,02-07-2022,03-07-2022,08-07-2022,Germany, Electronics ,274,3,350,95900,3836,92064,71240,20824,2,PR004,1,P0001
ORD-000062,03-07-2022,04-07-2022,09-07-2022,Brazil, Mens Fashion ,1967,5,15,29505,1180.2,28324.8,19670,8654.8,1,PR001,1,P0002
ORD-000062,04-07-2022,05-07-2022,12-07-2022,India, Mens Fashion ,1859,5,300,557700,22308,535392,464750,70642,3,PR002,4,P0002
ORD-000062,05-07-2022,06-07-2022,11-07-2022,Germany, Mens Fashion ,2851,5,7,19957,798.28,19158.72,14255,4903.72,2,PR002,1,P0002
ORD-000063,06-07-2022,07-07-2022,12-07-2022,India, Mens Fashion ,2021,5,300,606300,24252,582048,505250,76798,3,PR004,1,P0002
ORD-000063,07-07-2022,08-07-2022,13-07-2022,India, Mens Fashion ,1138,5,125,142250,5690,136560,136560,      ,3,PR003,1,P0002
ORD-000063,08-07-2022,09-07-2022,14-07-2022,Brazil, Womens Fashion ,4251,10,7,29757,1190.28,28566.72,21255,7311.72,1,PR002,1,P0003
ORD-000064,09-07-2022,10-07-2022,11-07-2022,Germany, Womens Fashion ,795,10,125,99375,3975,95400,95400,      ,2,PR003,3,P0003
ORD-000064,10-07-2022,11-07-2022,16-07-2022,Mexico, Womens Fashion ,1414.5,10,300,424350,16974,407376,353625,53751,4,PR004,1,P0003
ORD-000064,11-07-2022,12-07-2022,13-07-2022,Brazil, Womens Fashion ,2918,10,300,875400,35016,840384,729500,110884,1,PR004,3,P0003
ORD-000065,12-07-2022,13-07-2022,20-07-2022,Germany, Womens Fashion ,3450,10,350,1207500,48300,1159200,897000,262200,2,PR001,4,P0003
ORD-000065,13-07-2022,14-07-2022,16-07-2022,Germany, Womens Fashion ,2988,10,125,373500,14940,358560,358560,      ,2,PR002,2,P0003
ORD-000065,14-07-2022,15-07-2022,20-07-2022,Germany, Womens Fashion ,218,10,15,3270,130.8,3139.2,2180,959.2,2,PR003,1,P0003
ORD-000066,15-07-2022,16-07-2022,18-07-2022,Germany, Womens Fashion ,2074,10,20,41480,1659.2,39820.8,20740,19080.8,2,PR001,2,P0003
ORD-000066,16-07-2022,17-07-2022,19-07-2022,Germany, Womens Fashion ,1056,10,20,21120,844.8,20275.2,10560,9715.2,2,PR002,2,P0003
ORD-000066,17-07-2022,18-07-2022,25-07-2022,India, Womens Fashion ,671,10,15,10065,402.6,9662.4,6710,2952.4,3,PR001,4,P0003
ORD-000067,18-07-2022,19-07-2022,21-07-2022,Brazil, Womens Fashion ,1514,10,15,22710,908.4,21801.6,15140,6661.6,1,PR004,2,P0003
ORD-000067,19-07-2022,20-07-2022,21-07-2022,India, Womens Fashion ,274,10,350,95900,3836,92064,71240,20824,3,PR002,3,P0003
ORD-000067,20-07-2022,21-07-2022,23-07-2022,Mexico, Womens Fashion ,1138,10,125,142250,5690,136560,136560,      ,4,PR001,2,P0003
ORD-000068,21-07-2022,22-07-2022,24-07-2022,Germany, Team Sports ,1465,120,12,17580,703.2,16876.8,4395,12481.8,2,PR001,2,P0004
ORD-000068,22-07-2022,23-07-2022,25-07-2022,Brazil, Team Sports ,2646,120,20,52920,2116.8,50803.2,26460,24343.2,1,PR003,2,P0004
ORD-000068,23-07-2022,24-07-2022,29-07-2022,Germany, Team Sports ,2177,120,350,761950,30478,731472,566020,165452,2,PR001,1,P0004
ORD-000069,24-07-2022,25-07-2022,30-07-2022,Brazil, Footwears ,866,250,12,10392,415.68,9976.32,2598,7378.32,1,PR002,1,P0005
ORD-000069,25-07-2022,26-07-2022,27-07-2022,India, Footwears ,349,250,350,122150,4886,117264,90740,26524,3,PR002,3,P0005
ORD-000069,26-07-2022,27-07-2022,28-07-2022,Brazil, Footwears ,2177,250,350,761950,30478,731472,566020,165452,1,PR003,3,P0005
ORD-000070,27-07-2022,28-07-2022,02-08-2022,Mexico, Footwears ,1514,250,15,22710,908.4,21801.6,15140,6661.6,4,PR002,1,P0005
ORD-000070,28-07-2022,29-07-2022,30-07-2022,Mexico, Stationery,1865,260,350,652750,26110,626640,484900,141740,4,PR004,3,P0006
ORD-000070,29-07-2022,30-07-2022,04-08-2022,Brazil, Stationery,1074,260,125,134250,5370,128880,128880,      ,1,PR002,1,P0006
ORD-000071,30-07-2022,31-07-2022,07-08-2022,Brazil, Stationery,1907,260,350,667450,26698,640752,495820,144932,1,PR002,4,P0006
ORD-000071,31-07-2022,01-08-2022,03-08-2022,Brazil, Stationery,671,260,15,10065,402.6,9662.4,6710,2952.4,1,PR001,2,P0006
ORD-000071,01-08-2022,02-08-2022,04-08-2022,Brazil, Stationery,1778,260,350,622300,24892,597408,462280,135128,1,PR001,2,P0006
ORD-000072,02-08-2022,03-08-2022,04-08-2022,Mexico, Mens Fashion ,1159,5,7,8113,405.65,7707.35,5795,1912.35,4,PR002,3,P0002
ORD-000072,03-08-2022,04-08-2022,09-08-2022,Germany, Womens Fashion ,1372,10,7,9604,480.2,9123.8,6860,2263.8,2,PR003,1,P0003
ORD-000072,04-08-2022,05-08-2022,10-08-2022,Brazil, Womens Fashion ,2349,10,7,16443,822.15,15620.85,11745,3875.85,1,PR001,1,P0003
ORD-000073,05-08-2022,06-08-2022,07-08-2022,Brazil, Womens Fashion ,2689,10,7,18823,941.15,17881.85,13445,4436.85,1,PR003,3,P0003
ORD-000073,06-08-2022,07-08-2022,12-08-2022,Mexico, Womens Fashion ,2431,10,12,29172,1458.6,27713.4,7293,20420.4,4,PR002,1,P0003
ORD-000073,07-08-2022,08-08-2022,15-08-2022,Mexico, Team Sports ,2431,120,12,29172,1458.6,27713.4,7293,20420.4,4,PR002,4,P0004
ORD-000074,08-08-2022,09-08-2022,11-08-2022,India, Footwears ,2689,250,7,18823,941.15,17881.85,13445,4436.85,3,PR004,2,P0005
ORD-000074,09-08-2022,10-08-2022,11-08-2022,Brazil, Stationery,1683,260,7,11781,589.05,11191.95,8415,2776.95,1,PR001,3,P0006
ORD-000074,10-08-2022,11-08-2022,12-08-2022,India, Stationery,1123,260,12,13476,673.8,12802.2,3369,9433.2,3,PR002,3,P0006
ORD-000075,11-08-2022,12-08-2022,17-08-2022,Mexico, Stationery,1159,260,7,8113,405.65,7707.35,5795,1912.35,4,PR004,1,P0006
ORD-000075,12-08-2022,13-08-2022,14-08-2022,Mexico, Electronics ,1865,3,12,22380,1119,21261,5595,15666,4,PR001,3,P0001
ORD-000075,13-08-2022,14-08-2022,21-08-2022,Germany, Electronics ,1116,3,12,13392,669.6,12722.4,3348,9374.4,2,PR002,4,P0001
ORD-000076,14-08-2022,15-08-2022,20-08-2022,Brazil, Electronics ,1563,3,20,31260,1563,29697,15630,14067,1,PR002,1,P0001
ORD-000076,15-08-2022,16-08-2022,21-08-2022,India, Electronics ,991,3,300,297300,14865,282435,247750,34685,3,PR001,1,P0001
ORD-000076,16-08-2022,17-08-2022,22-08-2022,Mexico, Electronics ,1016,3,7,7112,355.6,6756.4,5080,1676.4,4,PR001,1,P0001
ORD-000077,17-08-2022,18-08-2022,23-08-2022,Mexico, Electronics ,2791,3,15,41865,2093.25,39771.75,27910,11861.75,4,PR001,1,P0001
ORD-000077,18-08-2022,19-08-2022,26-08-2022,India, Electronics ,570,3,7,3990,199.5,3790.5,2850,940.5,3,PR002,4,P0001
ORD-000077,19-08-2022,20-08-2022,25-08-2022,Germany, Electronics ,2487,3,7,17409,870.45,16538.55,12435,4103.55,2,PR002,1,P0001
ORD-000078,20-08-2022,21-08-2022,22-08-2022,Mexico, Mens Fashion ,1384.5,5,350,484575,24228.75,460346.25,359970,100376.25,4,PR004,3,P0002
ORD-000078,21-08-2022,22-08-2022,29-08-2022,Brazil, Mens Fashion ,3627,5,125,453375,22668.75,430706.25,435240,"-4,533.75",1,PR003,4,P0002
ORD-000078,22-08-2022,23-08-2022,25-08-2022,Mexico, Mens Fashion ,720,5,350,252000,12600,239400,187200,52200,4,PR001,2,P0002
ORD-000079,23-08-2022,24-08-2022,26-08-2022,Brazil, Mens Fashion ,2342,5,12,28104,1405.2,26698.8,7026,19672.8,1,PR002,2,P0002
ORD-000079,24-08-2022,25-08-2022,27-08-2022,India, Mens Fashion ,1100,5,300,330000,16500,313500,275000,38500,3,PR002,3,P0002
ORD-000079,25-08-2022,26-08-2022,28-08-2022,Brazil, Womens Fashion ,1303,10,20,26060,1303,24757,13030,11727,1,PR001,3,P0003
ORD-000080,26-08-2022,27-08-2022,03-09-2022,India, Womens Fashion ,2992,10,125,374000,18700,355300,359040,"-3,740.00",3,PR003,4,P0003
ORD-000080,27-08-2022,28-08-2022,30-08-2022,Brazil, Womens Fashion ,2385,10,125,298125,14906.25,283218.75,286200,"-2,981.25",1,PR001,2,P0003
ORD-000080,28-08-2022,29-08-2022,31-08-2022,India, Womens Fashion ,1607,10,300,482100,24105,457995,401750,56245,3,PR003,2,P0003
ORD-000081,29-08-2022,30-08-2022,01-09-2022,Brazil, Womens Fashion ,2327,10,7,16289,814.45,15474.55,11635,3839.55,1,PR002,2,P0003
ORD-000081,30-08-2022,31-08-2022,02-09-2022,Germany, Womens Fashion ,991,10,300,297300,14865,282435,247750,34685,2,PR003,2,P0003
ORD-000081,31-08-2022,01-09-2022,03-09-2022,Brazil, Womens Fashion ,602,10,350,210700,10535,200165,156520,43645,1,PR004,2,P0003
ORD-000082,01-09-2022,02-09-2022,07-09-2022,Brazil, Womens Fashion ,2620,10,15,39300,1965,37335,26200,11135,1,PR002,1,P0003
ORD-000082,02-09-2022,03-09-2022,04-09-2022,Germany, Womens Fashion ,1228,10,350,429800,21490,408310,319280,89030,2,PR004,3,P0003
ORD-000082,03-09-2022,04-09-2022,09-09-2022,Mexico, Womens Fashion ,1389,10,20,27780,1389,26391,13890,12501,4,PR001,1,P0003
ORD-000083,04-09-2022,05-09-2022,07-09-2022,Mexico, Womens Fashion ,861,10,125,107625,5381.25,102243.75,103320,"-1,076.25",4,PR001,2,P0003
ORD-000083,05-09-2022,06-09-2022,13-09-2022,Brazil, Womens Fashion ,704,10,125,88000,4400,83600,84480,-880,1,PR001,4,P0003
ORD-000083,06-09-2022,07-09-2022,14-09-2022,Germany, Womens Fashion ,1802,10,20,36040,1802,34238,18020,16218,2,PR003,4,P0003
ORD-000084,07-09-2022,08-09-2022,10-09-2022,Brazil, Womens Fashion ,2663,10,20,53260,2663,50597,26630,23967,1,PR002,2,P0003
ORD-000084,08-09-2022,09-09-2022,11-09-2022,India, Womens Fashion ,2136,10,7,14952,747.6,14204.4,10680,3524.4,3,PR001,2,P0003
ORD-000084,09-09-2022,10-09-2022,17-09-2022,India, Womens Fashion ,2116,10,15,31740,1587,30153,21160,8993,3,PR001,4,P0003
ORD-000085,10-09-2022,11-09-2022,16-09-2022,Brazil, Team Sports ,555,120,15,8325,416.25,7908.75,5550,2358.75,1,PR002,1,P0004
ORD-000085,11-09-2022,12-09-2022,17-09-2022,Mexico, Team Sports ,2861,120,15,42915,2145.75,40769.25,28610,12159.25,4,PR001,1,P0004
ORD-000085,12-09-2022,13-09-2022,15-09-2022,Mexico, Team Sports ,807,120,125,100875,5043.75,95831.25,96840,"-1,008.75",4,PR004,2,P0004
ORD-000086,13-09-2022,14-09-2022,19-09-2022,Brazil, Team Sports ,602,120,350,210700,10535,200165,156520,43645,1,PR002,1,P0004
ORD-000086,14-09-2022,15-09-2022,22-09-2022,Brazil, Team Sports ,2832,120,20,56640,2832,53808,28320,25488,1,PR002,4,P0004
ORD-000086,15-09-2022,16-09-2022,21-09-2022,India, Team Sports ,1579,120,20,31580,1579,30001,15790,14211,3,PR002,1,P0004
ORD-000087,16-09-2022,17-09-2022,19-09-2022,Mexico, Team Sports ,861,120,125,107625,5381.25,102243.75,103320,"-1,076.25",4,PR004,2,P0004
ORD-000087,17-09-2022,18-09-2022,25-09-2022,Brazil, Team Sports ,704,120,125,88000,4400,83600,84480,-880,1,PR002,4,P0004
ORD-000087,18-09-2022,19-09-2022,24-09-2022,India, Team Sports ,1033,120,20,20660,1033,19627,10330,9297,3,PR004,1,P0004
ORD-000088,19-09-2022,20-09-2022,21-09-2022,Mexico, Team Sports ,1250,120,300,375000,18750,356250,312500,43750,4,PR002,3,P0004
ORD-000088,20-09-2022,21-09-2022,28-09-2022,Germany, Footwears ,1389,250,20,27780,1389,26391,13890,12501,2,PR003,4,P0005
ORD-000088,21-09-2022,22-09-2022,29-09-2022,India, Footwears ,1265,250,20,25300,1265,24035,12650,11385,3,PR001,4,P0005
ORD-000089,22-09-2022,23-09-2022,24-09-2022,Mexico, Footwears ,2297,250,20,45940,2297,43643,22970,20673,4,PR003,3,P0005
ORD-000089,23-09-2022,24-09-2022,25-09-2022,Mexico, Footwears ,2663,250,20,53260,2663,50597,26630,23967,4,PR001,3,P0005
ORD-000089,24-09-2022,25-09-2022,02-10-2022,India, Footwears ,570,250,7,3990,199.5,3790.5,2850,940.5,3,PR004,4,P0005
ORD-000090,25-09-2022,26-09-2022,27-09-2022,Germany, Footwears ,2487,250,7,17409,870.45,16538.55,12435,4103.55,2,PR003,3,P0005
ORD-000090,26-09-2022,27-09-2022,29-09-2022,India, Stationery,1350,260,350,472500,23625,448875,351000,97875,3,PR002,2,P0006
ORD-000090,27-09-2022,28-09-2022,30-09-2022,Mexico, Stationery,552,260,350,193200,9660,183540,143520,40020,4,PR001,2,P0006
ORD-000091,28-09-2022,29-09-2022,01-10-2022,Brazil, Stationery,1228,260,350,429800,21490,408310,319280,89030,1,PR001,2,P0006
ORD-000091,29-09-2022,30-09-2022,07-10-2022,Brazil, Stationery,1250,260,300,375000,18750,356250,312500,43750,1,PR003,4,P0006
ORD-000091,30-09-2022,01-10-2022,02-10-2022,India, Womens Fashion ,3801,10,15,57015,3420.9,53594.1,38010,15584.1,3,PR004,3,P0003
ORD-000092,01-10-2022,02-10-2022,03-10-2022,Mexico, Electronics ,1117.5,3,20,22350,1341,21009,11175,9834,4,PR003,3,P0001
ORD-000092,02-10-2022,03-10-2022,08-10-2022,Brazil, Electronics ,2844,3,15,42660,2559.6,40100.4,28440,11660.4,1,PR004,1,P0001
ORD-000092,03-10-2022,04-10-2022,09-10-2022,Mexico, Electronics ,562,3,12,6744,404.64,6339.36,1686,4653.36,4,PR004,1,P0001
ORD-000093,04-10-2022,05-10-2022,06-10-2022,India, Electronics ,2299,3,12,27588,1655.28,25932.72,6897,19035.72,3,PR001,3,P0001
ORD-000093,05-10-2022,06-10-2022,07-10-2022,Brazil, Electronics ,2030,3,15,30450,1827,28623,20300,8323,1,PR003,3,P0001
ORD-000093,06-10-2022,07-10-2022,08-10-2022,Mexico, Electronics ,263,3,7,1841,110.46,1730.54,1315,415.54,4,PR003,3,P0001
ORD-000094,07-10-2022,08-10-2022,15-10-2022,Brazil, Electronics ,887,3,125,110875,6652.5,104222.5,106440,"-2,217.50",1,PR004,4,P0001
ORD-000094,08-10-2022,09-10-2022,10-10-2022,India, Mens Fashion ,980,5,350,343000,20580,322420,254800,67620,3,PR003,3,P0002
ORD-000094,09-10-2022,10-10-2022,15-10-2022,Mexico, Mens Fashion ,1460,5,350,511000,30660,480340,379600,100740,4,PR002,1,P0002
ORD-000095,10-10-2022,11-10-2022,18-10-2022,Brazil, Mens Fashion ,1403,5,7,9821,589.26,9231.74,7015,2216.74,1,PR002,4,P0002
ORD-000095,11-10-2022,12-10-2022,13-10-2022,India, Mens Fashion ,2723,5,12,32676,1960.56,30715.44,8169,22546.44,3,PR003,3,P0002
ORD-000095,12-10-2022,13-10-2022,18-10-2022,Brazil, Womens Fashion ,1496,10,350,523600,31416,492184,388960,103224,1,PR003,1,P0003
ORD-000096,13-10-2022,14-10-2022,21-10-2022,Brazil, Womens Fashion ,2299,10,12,27588,1655.28,25932.72,6897,19035.72,1,PR004,4,P0003
ORD-000096,14-10-2022,15-10-2022,16-10-2022,Germany, Womens Fashion ,727,10,350,254450,15267,239183,189020,50163,2,PR002,3,P0003
ORD-000096,15-10-2022,16-10-2022,17-10-2022,Germany, Team Sports ,952,120,125,119000,7140,111860,114240,"-2,380.00",2,PR002,3,P0004
ORD-000097,16-10-2022,17-10-2022,18-10-2022,India, Team Sports ,2755,120,125,344375,20662.5,323712.5,330600,"-6,887.50",3,PR001,3,P0004
ORD-000097,17-10-2022,18-10-2022,25-10-2022,Germany, Team Sports ,1530,120,15,22950,1377,21573,15300,6273,2,PR004,4,P0004
ORD-000097,18-10-2022,19-10-2022,24-10-2022,India, Team Sports ,1496,120,350,523600,31416,492184,388960,103224,3,PR001,1,P0004
ORD-000098,19-10-2022,20-10-2022,25-10-2022,Germany, Team Sports ,1498,120,7,10486,629.16,9856.84,7490,2366.84,2,PR002,1,P0004
ORD-000098,20-10-2022,21-10-2022,23-10-2022,Brazil, Team Sports ,1221,120,300,366300,21978,344322,305250,39072,1,PR004,2,P0004
ORD-000098,21-10-2022,22-10-2022,23-10-2022,India, Team Sports ,2076,120,350,726600,43596,683004,539760,143244,3,PR003,3,P0004
ORD-000099,22-10-2022,23-10-2022,25-10-2022,India, Footwears ,2844,250,15,42660,2559.6,40100.4,28440,11660.4,3,PR004,2,P0005
ORD-000099,23-10-2022,24-10-2022,26-10-2022,Brazil, Footwears ,1498,250,7,10486,629.16,9856.84,7490,2366.84,1,PR003,2,P0005
ORD-000099,24-10-2022,25-10-2022,30-10-2022,India, Footwears ,1221,250,300,366300,21978,344322,305250,39072,3,PR003,1,P0005
ORD-000100,25-10-2022,26-10-2022,02-11-2022,India, Footwears ,1123,250,20,22460,1347.6,21112.4,11230,9882.4,3,PR004,4,P0005
ORD-000100,26-10-2022,27-10-2022,03-11-2022,Germany, Footwears ,2436,250,300,730800,43848,686952,609000,77952,2,PR003,4,P0005
ORD-000100,27-10-2022,28-10-2022,02-11-2022,India, Stationery,1987.5,260,125,248437.5,14906.25,233531.25,238500,"-4,968.75",3,PR001,1,P0006
ORD-000101,28-10-2022,29-10-2022,05-11-2022,Mexico, Stationery,1679,260,350,587650,35259,552391,436540,115851,4,PR002,4,P0006
ORD-000101,29-10-2022,30-10-2022,01-11-2022,Brazil, Stationery,727,260,350,254450,15267,239183,189020,50163,1,PR003,2,P0006
ORD-000101,30-10-2022,31-10-2022,01-11-2022,Germany, Stationery,1403,260,7,9821,589.26,9231.74,7015,2216.74,2,PR001,3,P0006
ORD-000102,31-10-2022,01-11-2022,06-11-2022,Germany, Stationery,2076,260,350,726600,43596,683004,539760,143244,2,PR003,1,P0006
ORD-000102,01-11-2022,02-11-2022,03-11-2022,Mexico, Mens Fashion ,1757,5,20,35140,2108.4,33031.6,17570,15461.6,4,PR002,3,P0002
ORD-000102,02-11-2022,03-11-2022,10-11-2022,Brazil, Womens Fashion ,2198,10,15,32970,1978.2,30991.8,21980,9011.8,1,PR001,4,P0003
ORD-000103,03-11-2022,04-11-2022,05-11-2022,Brazil, Womens Fashion ,1743,10,15,26145,1568.7,24576.3,17430,7146.3,1,PR002,3,P0003
ORD-000103,04-11-2022,05-11-2022,12-11-2022,Germany, Womens Fashion ,1153,10,15,17295,1037.7,16257.3,11530,4727.3,2,PR002,4,P0003
ORD-000103,05-11-2022,06-11-2022,13-11-2022,India, Womens Fashion ,1757,10,20,35140,2108.4,33031.6,17570,15461.6,3,PR001,4,P0003
ORD-000104,06-11-2022,07-11-2022,09-11-2022,Germany, Team Sports ,1001,120,20,20020,1201.2,18818.8,10010,8808.8,2,PR001,2,P0004
ORD-000104,07-11-2022,08-11-2022,15-11-2022,Brazil, Team Sports ,1333,120,7,9331,559.86,8771.14,6665,2106.14,1,PR001,4,P0004
ORD-000104,08-11-2022,09-11-2022,11-11-2022,Mexico, Footwears ,1153,250,15,17295,1037.7,16257.3,11530,4727.3,4,PR004,2,P0005
ORD-000105,09-11-2022,10-11-2022,12-11-2022,Germany, Electronics ,727,3,12,8724,610.68,8113.32,2181,5932.32,2,PR001,2,P0001
ORD-000105,10-11-2022,11-11-2022,13-11-2022,Brazil, Electronics ,1884,3,12,22608,1582.56,21025.44,5652,15373.44,1,PR001,2,P0001
ORD-000105,11-11-2022,12-11-2022,17-11-2022,Germany, Electronics ,1834,3,20,36680,2567.6,34112.4,18340,15772.4,2,PR001,1,P0001
ORD-000106,12-11-2022,13-11-2022,18-11-2022,India, Mens Fashion ,2340,5,12,28080,1965.6,26114.4,7020,19094.4,3,PR001,1,P0002
ORD-000106,13-11-2022,14-11-2022,21-11-2022,Germany, Mens Fashion ,2342,5,12,28104,1967.28,26136.72,7026,19110.72,2,PR003,4,P0002
ORD-000106,14-11-2022,15-11-2022,17-11-2022,Germany, Womens Fashion ,1031,10,7,7217,505.19,6711.81,5155,1556.81,2,PR004,2,P0003
ORD-000107,15-11-2022,16-11-2022,21-11-2022,Brazil, Team Sports ,1262,120,15,18930,1325.1,17604.9,12620,4984.9,1,PR002,1,P0004
ORD-000107,16-11-2022,17-11-2022,19-11-2022,Brazil, Team Sports ,1135,120,7,7945,556.15,7388.85,5675,1713.85,1,PR001,2,P0004
ORD-000107,17-11-2022,18-11-2022,19-11-2022,Brazil, Team Sports ,547,120,7,3829,268.03,3560.97,2735,825.97,1,PR003,3,P0004
ORD-000108,18-11-2022,19-11-2022,20-11-2022,Germany, Team Sports ,1582,120,7,11074,775.18,10298.82,7910,2388.82,2,PR003,3,P0004
ORD-000108,19-11-2022,20-11-2022,21-11-2022,India, Footwears ,1738.5,250,12,20862,1460.34,19401.66,5215.5,14186.16,3,PR003,3,P0005
ORD-000108,20-11-2022,21-11-2022,28-11-2022,Mexico, Footwears ,2215,250,12,26580,1860.6,24719.4,6645,18074.4,4,PR002,4,P0005
ORD-000109,21-11-2022,22-11-2022,24-11-2022,Mexico, Footwears ,1582,250,7,11074,775.18,10298.82,7910,2388.82,4,PR001,2,P0005
ORD-000109,22-11-2022,23-11-2022,24-11-2022,Brazil, Stationery,1135,260,7,7945,556.15,7388.85,5675,1713.85,1,PR004,3,P0006
ORD-000109,23-11-2022,24-11-2022,29-11-2022,Brazil, Electronics ,1761,3,350,616350,43144.5,573205.5,457860,115345.5,1,PR004,1,P0001
ORD-000110,24-11-2022,25-11-2022,26-11-2022,Germany, Electronics ,448,3,300,134400,9408,124992,112000,12992,2,PR003,3,P0001
ORD-000110,25-11-2022,26-11-2022,27-11-2022,Mexico, Electronics ,2181,3,300,654300,45801,608499,545250,63249,4,PR002,3,P0001
ORD-000110,26-11-2022,27-11-2022,28-11-2022,Brazil, Mens Fashion ,1976,5,20,39520,2766.4,36753.6,19760,16993.6,1,PR002,3,P0002
ORD-000111,27-11-2022,28-11-2022,05-12-2022,India, Mens Fashion ,2181,5,300,654300,45801,608499,545250,63249,3,PR002,4,P0002
ORD-000111,28-11-2022,29-11-2022,04-12-2022,India, Mens Fashion ,2500,5,125,312500,21875,290625,300000,"-9,375.00",3,PR004,1,P0002
ORD-000111,29-11-2022,30-11-2022,02-12-2022,Brazil, Womens Fashion ,1702,10,300,510600,35742,474858,425500,49358,1,PR003,2,P0003
ORD-000112,30-11-2022,01-12-2022,06-12-2022,Brazil, Womens Fashion ,448,10,300,134400,9408,124992,112000,12992,1,PR001,1,P0003
ORD-000112,01-12-2022,02-12-2022,04-12-2022,Mexico, Womens Fashion ,3513,10,125,439125,30738.75,408386.25,421560,"-13,173.75",4,PR004,2,P0003
ORD-000112,02-12-2022,03-12-2022,10-12-2022,Mexico, Womens Fashion ,2101,10,15,31515,2206.05,29308.95,21010,8298.95,4,PR003,4,P0003
ORD-000113,03-12-2022,04-12-2022,11-12-2022,Germany, Womens Fashion ,2931,10,15,43965,3077.55,40887.45,29310,11577.45,2,PR003,4,P0003
ORD-000113,04-12-2022,05-12-2022,12-12-2022,Mexico, Womens Fashion ,1535,10,20,30700,2149,28551,15350,13201,4,PR001,4,P0003
ORD-000113,05-12-2022,06-12-2022,13-12-2022,India, Womens Fashion ,1123,10,300,336900,23583,313317,280750,32567,3,PR001,4,P0003
ORD-000114,06-12-2022,07-12-2022,09-12-2022,India, Womens Fashion ,1404,10,300,421200,29484,391716,351000,40716,3,PR001,2,P0003
ORD-000114,07-12-2022,08-12-2022,09-12-2022,Brazil, Womens Fashion ,2763,10,12,33156,2320.92,30835.08,8289,22546.08,1,PR002,3,P0003
ORD-000114,08-12-2022,09-12-2022,11-12-2022,Mexico, Womens Fashion ,2125,10,7,14875,1041.25,13833.75,10625,3208.75,4,PR001,2,P0003
ORD-000115,09-12-2022,10-12-2022,15-12-2022,Germany, Team Sports ,1659,120,300,497700,34839,462861,414750,48111,2,PR003,1,P0004
ORD-000115,10-12-2022,11-12-2022,18-12-2022,India, Team Sports ,609,120,20,12180,852.6,11327.4,6090,5237.4,3,PR001,4,P0004
ORD-000115,11-12-2022,12-12-2022,19-12-2022,India, Team Sports ,2087,120,125,260875,18261.25,242613.75,250440,"-7,826.25",3,PR003,4,P0004
ORD-000116,12-12-2022,13-12-2022,18-12-2022,Germany, Team Sports ,1976,120,20,39520,2766.4,36753.6,19760,16993.6,2,PR004,1,P0004
ORD-000116,13-12-2022,14-12-2022,16-12-2022,Germany, Team Sports ,1421,120,20,28420,1989.4,26430.6,14210,12220.6,2,PR002,2,P0004
ORD-000116,14-12-2022,15-12-2022,16-12-2022,India, Team Sports ,1372,120,300,411600,28812,382788,343000,39788,3,PR004,3,P0004
ORD-000117,15-12-2022,16-12-2022,17-12-2022,India, Team Sports ,588,120,20,11760,823.2,10936.8,5880,5056.8,3,PR004,3,P0004
ORD-000117,16-12-2022,17-12-2022,22-12-2022,Germany, Footwears ,3244.5,250,12,38934,2725.38,36208.62,9733.5,26475.12,2,PR003,1,P0005
ORD-000117,17-12-2022,18-12-2022,19-12-2022,India, Footwears ,959,250,300,287700,20219,267561,239750,27811,3,PR004,3,P0005
ORD-000118,18-12-2022,19-12-2022,21-12-2022,Brazil, Footwears ,2747,250,300,824100,57687,766413,686750,79663,1,PR003,2,P0005
ORD-000118,19-12-2022,20-12-2022,22-12-2022,Brazil, Stationery,1645,260,125,205625,14393.75,191231.25,197400,"-6,168.75",1,PR001,2,P0006
ORD-000118,20-12-2022,21-12-2022,26-12-2022,Germany, Stationery,2876,260,350,1006600,70462,936138,747760,188378,2,PR001,1,P0006
ORD-000119,21-12-2022,22-12-2022,24-12-2022,Mexico, Stationery,994,260,125,124250,8697.5,115552.5,119280,"-3,727.50",4,PR003,2,P0006
ORD-000119,22-12-2022,23-12-2022,30-12-2022,Germany, Stationery,1118,260,20,22360,1565.2,20794.8,11180,9614.8,2,PR001,4,P0006
ORD-000119,23-12-2022,24-12-2022,29-12-2022,Germany, Stationery,1372,260,300,411600,28812,382788,343000,39788,2,PR002,1,P0006
ORD-000120,24-12-2022,25-12-2022,27-12-2022,Mexico, Mens Fashion ,488,5,7,3416,273.28,3142.72,2440,702.72,4,PR004,2,P0002
ORD-000120,25-12-2022,26-12-2022,31-12-2022,Mexico, Mens Fashion ,1282,5,20,25640,2051.2,23588.8,12820,10768.8,4,PR002,1,P0002
ORD-000120,26-12-2022,27-12-2022,28-12-2022,Mexico, Womens Fashion ,257,10,7,1799,143.92,1655.08,1285,370.08,4,PR004,3,P0003
ORD-000121,27-12-2022,28-12-2022,30-12-2022,Brazil, Stationery,1282,260,20,25640,2051.2,23588.8,12820,10768.8,1,PR001,2,P0006
ORD-000121,28-12-2022,29-12-2022,05-01-2023,India, Electronics ,1540,3,125,192500,15400,177100,184800,"-7,700.00",3,PR002,4,P0001
ORD-000121,29-12-2022,30-12-2022,01-01-2023,Brazil, Electronics ,490,3,15,7350,588,6762,4900,1862,1,PR001,2,P0001
ORD-000122,30-12-2022,31-12-2022,05-01-2023,India, Electronics ,1362,3,350,476700,38136,438564,354120,84444,3,PR004,1,P0001
ORD-000122,31-12-2022,01-01-2024,06-01-2023,Brazil, Mens Fashion ,2501,5,15,37515,3001.2,34513.8,25010,9503.8,1,PR003,1,P0002
ORD-000001,01-01-2023,02-01-2023,03-01-2023,Mexico, Electronics ,1618.5,3,20,32370,,32370,16185,16185,4,PR002,3,P0001
ORD-000001,01-01-2023,02-01-2023,06-01-2023,India, Electronics ,1321,3,20,26420,,26420,13210,13210,3,PR003,2,P0001
ORD-000001,03-01-2023,04-01-2023,11-01-2023,India, Electronics ,2178,3,15,32670,,32670,21780,10890,3,PR001,4,P0001
ORD-000002,04-01-2023,05-01-2023,06-01-2023,India, Electronics ,888,3,15,13320,,13320,8880,4440,3,PR004,3,P0001
ORD-000002,05-01-2023,06-01-2023,13-01-2023,Mexico, Electronics ,2470,3,15,37050,,37050,24700,12350,4,PR003,1,P0001
ORD-000002,06-01-2023,07-01-2023,14-01-2023,Germany, Electronics ,1513,3,350,529550,,529550,393380,136170,2,PR003,4,P0001
ORD-000003,07-01-2023,08-01-2023,12-01-2023,Germany, Mens Fashion ,921,5,15,13815,,13815,9210,4605,2,PR004,2,P0002
ORD-000003,08-01-2023,09-01-2023,10-01-2023,Mexico, Mens Fashion ,2518,5,12,30216,,30216,7554,22662,4,PR003,3,P0002
ORD-000003,09-01-2023,10-01-2023,12-01-2023,India, Mens Fashion ,1899,5,20,37980,,37980,18990,18990,3,PR003,2,P0002
ORD-000004,10-01-2023,11-01-2023,16-01-2023,India, Mens Fashion ,1545,5,12,18540,,18540,4635,13905,3,PR002,1,P0002
ORD-000004,11-01-2023,12-01-2023,13-01-2023,Germany, Mens Fashion ,2470,5,15,37050,,37050,24700,12350,2,PR004,3,P0002
ORD-000004,12-01-2023,13-01-2023,18-01-2023,India, Mens Fashion ,2665.5,5,125,333187.5,,333187.5,319860,13327.5,3,PR001,1,P0002
ORD-000005,13-01-2023,14-01-2023,19-01-2023,Brazil, Mens Fashion ,958,5,300,287400,,287400,239500,47900,1,PR003,1,P0002
ORD-000005,14-01-2023,15-01-2023,22-01-2023,Germany, Mens Fashion ,2146,5,7,15022,,15022,10730,4292,2,PR004,4,P0002
ORD-000005,15-01-2023,16-01-2023,18-01-2023,India, Mens Fashion ,345,5,125,43125,,43125,41400,1725,3,PR002,2,P0002
ORD-000006,16-01-2023,17-01-2023,18-01-2023,Germany, Mens Fashion ,615,5,15,9225,,9225,6150,3075,2,PR001,3,P0002
ORD-000006,17-01-2023,18-01-2023,26-01-2023,Brazil, Womens Fashion ,292,10,20,5840,,5840,2920,2920,1,PR004,1,P0003
ORD-000006,18-01-2023,19-01-2023,27-01-2023,Germany, Womens Fashion ,974,10,15,14610,,14610,9740,4870,2,PR001,1,P0003
ORD-000007,19-01-2023,20-01-2023,21-01-2023,Germany, Womens Fashion ,2518,10,12,30216,,30216,7554,22662,2,PR001,3,P0003
ORD-000007,20-01-2023,21-01-2023,29-01-2023,Germany, Womens Fashion ,1006,10,350,352100,,352100,261560,90540,2,PR001,1,P0003
ORD-000007,21-01-2023,22-01-2023,29-01-2023,Germany, Womens Fashion ,367,10,12,4404,,4404,1101,3303,2,PR003,4,P0003
ORD-000008,22-01-2023,23-01-2023,30-01-2023,Brazil, Womens Fashion ,883,10,7,6181,,6181,4415,1766,1,PR003,4,P0003
ORD-000008,23-01-2023,24-01-2023,31-01-2023,Mexico, Womens Fashion ,549,10,15,8235,,8235,5490,2745,4,PR002,4,P0003
ORD-000008,24-01-2023,25-01-2023,01-02-2023,Germany, Womens Fashion ,788,10,300,236400,,236400,197000,39400,2,PR002,4,P0003
ORD-000009,25-01-2023,26-01-2023,31-01-2023,Germany, Womens Fashion ,2472,10,15,37080,,37080,24720,12360,2,PR004,1,P0003
ORD-000009,26-01-2023,27-01-2023,28-01-2023,India, Womens Fashion ,1143,10,7,8001,,8001,5715,2286,3,PR002,3,P0003
ORD-000009,27-01-2023,28-01-2023,29-01-2023,Germany, Womens Fashion ,1725,10,350,603750,,603750,448500,155250,2,PR001,3,P0003
ORD-000010,28-01-2023,29-01-2023,30-01-2023,India, Womens Fashion ,912,10,12,10944,,10944,2736,8208,3,PR001,3,P0003
ORD-000010,29-01-2023,30-01-2023,31-01-2023,Mexico, Womens Fashion ,2152,10,15,32280,,32280,21520,10760,4,PR003,3,P0003
ORD-000010,30-01-2023,31-01-2023,02-02-2023,Brazil, Womens Fashion ,1817,10,20,36340,,36340,18170,18170,1,PR001,2,P0003
ORD-000011,31-01-2023,01-02-2023,02-02-2023,Brazil, Womens Fashion ,1513,10,350,529550,,529550,393380,136170,1,PR004,3,P0003
ORD-000011,01-02-2023,02-02-2023,04-02-2023,Mexico, Team Sports ,1493,120,7,10451,,10451,7465,2986,4,PR001,2,P0004
ORD-000011,02-02-2023,03-02-2023,05-02-2023,Brazil, Team Sports ,1804,120,125,225500,,225500,216480,9020,1,PR001,2,P0004
ORD-000012,03-02-2023,04-02-2023,11-02-2023,Mexico, Team Sports ,2161,120,12,25932,,25932,6483,19449,4,PR004,4,P0004
ORD-000012,04-02-2023,05-02-2023,07-02-2023,Mexico, Team Sports ,1006,120,350,352100,,352100,261560,90540,4,PR002,2,P0004
ORD-000012,05-02-2023,06-02-2023,11-02-2023,Mexico, Team Sports ,1545,120,12,18540,,18540,4635,13905,4,PR002,1,P0004
ORD-000013,06-02-2023,07-02-2023,09-02-2023,Brazil, Team Sports ,2821,120,125,352625,,352625,338520,14105,1,PR004,2,P0004
ORD-000013,07-02-2023,08-02-2023,15-02-2023,India, Team Sports ,345,120,125,43125,,43125,41400,1725,3,PR003,4,P0004
ORD-000013,08-02-2023,09-02-2023,11-02-2023,Mexico, Footwears ,2001,250,300,600300,,600300,500250,100050,4,PR001,2,P0005
ORD-000014,09-02-2023,10-02-2023,15-02-2023,Germany, Footwears ,2838,250,12,34056,,34056,8514,25542,2,PR004,1,P0005
ORD-000014,10-02-2023,11-02-2023,17-02-2023,Brazil, Footwears ,2178,250,15,32670,,32670,21780,10890,1,PR001,1,P0005
ORD-000014,11-02-2023,12-02-2023,18-02-2023,Mexico, Footwears ,888,250,15,13320,,13320,8880,4440,4,PR003,1,P0005
ORD-000015,12-02-2023,13-02-2023,20-02-2023,Mexico, Footwears ,1527,250,350,534450,,534450,397020,137430,4,PR001,4,P0005
ORD-000015,13-02-2023,14-02-2023,21-02-2023,Germany, Footwears ,2151,250,300,645300,,645300,537750,107550,2,PR004,4,P0005
ORD-000015,14-02-2023,15-02-2023,16-02-2023,India, Footwears ,1817,250,20,36340,,36340,18170,18170,3,PR001,3,P0005
ORD-000016,15-02-2023,16-02-2023,23-02-2023,India, Stationery,2750,260,350,962500,,962500,715000,247500,3,PR002,4,P0006
ORD-000016,16-02-2023,17-02-2023,23-02-2023,India, Stationery,1953,260,12,23436,,23436,5859,17577,3,PR003,1,P0006
ORD-000016,17-02-2023,18-02-2023,24-02-2023,Mexico, Stationery,4219.5,260,125,527437.5,,527437.5,506340,21097.5,4,PR003,1,P0006
ORD-000017,18-02-2023,19-02-2023,27-02-2023,Mexico, Stationery,1899,260,20,37980,,37980,18990,18990,4,PR003,4,P0006
ORD-000017,19-02-2023,20-02-2023,22-02-2023,Mexico, Stationery,1686,260,7,11802,,11802,8430,3372,4,PR004,2,P0006
ORD-000017,20-02-2023,21-02-2023,28-02-2023,Brazil, Stationery,2141,260,12,25692,,25692,6423,19269,1,PR003,4,P0006
ORD-000018,21-02-2023,22-02-2023,01-03-2023,Germany, Stationery,1143,260,7,8001,,8001,5715,2286,2,PR002,4,P0006
ORD-000018,22-02-2023,23-02-2023,28-02-2023,Mexico, Stationery,615,260,15,9225,,9225,6150,3075,4,PR004,1,P0006
ORD-000018,23-02-2023,24-02-2023,25-02-2023,Germany, Womens Fashion ,3945,10,7,27615,276.15,27338.85,19725,7613.85,2,PR002,3,P0003
ORD-000019,24-02-2023,25-02-2023,02-03-2023,Germany, Womens Fashion ,2296,10,15,34440,344.4,34095.6,22960,11135.6,2,PR001,1,P0003
ORD-000019,25-02-2023,26-02-2023,27-02-2023,India, Womens Fashion ,1030,10,7,7210,72.1,7137.9,5150,1987.9,3,PR001,3,P0003
ORD-000019,26-02-2023,27-02-2023,04-03-2023,Brazil, Team Sports ,639,120,7,4473,44.73,4428.27,3195,1233.27,1,PR001,1,P0004
ORD-000020,27-02-2023,28-02-2023,07-03-2023,Mexico, Footwears ,1326,250,7,9282,92.82,9189.18,6630,2559.18,4,PR001,4,P0005
ORD-000020,28-02-2023,01-03-2023,06-03-2023,India, Electronics ,1858,3,12,22296,222.96,22073.04,5574,16499.04,3,PR002,1,P0001
ORD-000020,01-03-2023,02-03-2023,07-03-2023,India, Electronics ,1210,3,350,423500,4235,419265,314600,104665,3,PR004,1,P0001
ORD-000021,02-03-2023,03-03-2023,08-03-2023,Mexico, Electronics ,2529,3,7,17703,177.03,17525.97,12645,4880.97,4,PR004,1,P0001
ORD-000021,03-03-2023,04-03-2023,11-03-2023,Germany, Electronics ,1445,3,12,17340,173.4,17166.6,4335,12831.6,2,PR003,4,P0001
ORD-000021,04-03-2023,05-03-2023,12-03-2023,India, Electronics ,330,3,125,41250,412.5,40837.5,39600,1237.5,3,PR002,4,P0001
ORD-000022,05-03-2023,06-03-2023,13-03-2023,Germany, Electronics ,2671,3,12,32052,320.52,31731.48,8013,23718.48,2,PR001,4,P0001
ORD-000022,06-03-2023,07-03-2023,14-03-2023,Brazil, Electronics ,766,3,12,9192,91.92,9100.08,2298,6802.08,1,PR002,4,P0001
ORD-000022,07-03-2023,08-03-2023,09-03-2023,Germany, Electronics ,494,3,300,148200,1482,146718,123500,23218,2,PR003,3,P0001
ORD-000023,08-03-2023,09-03-2023,10-03-2023,Brazil, Electronics ,1397,3,350,488950,4889.5,484060.5,363220,120840.5,1,PR003,3,P0001
ORD-000023,09-03-2023,10-03-2023,12-03-2023,Germany, Electronics ,2155,3,350,754250,7542.5,746707.5,560300,186407.5,2,PR002,2,P0001
ORD-000023,10-03-2023,11-03-2023,18-03-2023,India, Mens Fashion ,2214,5,15,33210,332.1,32877.9,22140,10737.9,3,PR002,4,P0002
ORD-000024,11-03-2023,12-03-2023,13-03-2023,India, Mens Fashion ,2301,5,300,690300,6903,683397,575250,108147,3,PR002,3,P0002
ORD-000024,12-03-2023,13-03-2023,18-03-2023,Brazil, Mens Fashion ,1375.5,5,20,27510,275.1,27234.9,13755,13479.9,1,PR004,1,P0002
ORD-000024,13-03-2023,14-03-2023,23-03-2023,Mexico, Mens Fashion ,1830,5,7,12810,128.1,12681.9,9150,3531.9,4,PR001,4,P0002
ORD-000025,14-03-2023,15-03-2023,17-03-2023,Brazil, Mens Fashion ,2498,5,300,749400,7494,741906,624500,117406,1,PR002,2,P0002
ORD-000025,15-03-2023,16-03-2023,18-03-2023,Brazil, Mens Fashion ,663,5,125,82875,828.75,82046.25,79560,2486.25,1,PR002,2,P0002
ORD-000025,16-03-2023,17-03-2023,19-03-2023,Germany, Womens Fashion ,1514,10,15,22710,227.1,22482.9,15140,7342.9,2,PR002,2,P0003
ORD-000026,17-03-2023,18-03-2023,23-03-2023,Germany, Womens Fashion ,4492.5,10,7,31447.5,314.48,31133.03,22462.5,8670.53,2,PR003,1,P0003
ORD-000026,18-03-2023,19-03-2023,20-03-2023,Brazil, Womens Fashion ,727,10,125,90875,908.75,89966.25,87240,2726.25,1,PR003,3,P0003
ORD-000026,19-03-2023,20-03-2023,25-03-2023,India, Womens Fashion ,787,10,125,98375,983.75,97391.25,94440,2951.25,3,PR004,1,P0003
ORD-000027,20-03-2023,21-03-2023,28-03-2023,Germany, Womens Fashion ,1823,10,125,227875,2278.75,225596.25,218760,6836.25,2,PR001,4,P0003
ORD-000027,21-03-2023,22-03-2023,24-03-2023,Mexico, Womens Fashion ,747,10,15,11205,112.05,11092.95,7470,3622.95,4,PR004,2,P0003
ORD-000027,22-03-2023,23-03-2023,28-03-2023,Germany, Womens Fashion ,766,10,12,9192,91.92,9100.08,2298,6802.08,2,PR001,1,P0003
ORD-000028,23-03-2023,24-03-2023,29-03-2023,Germany, Womens Fashion ,2905,10,300,871500,8715,862785,726250,136535,2,PR003,1,P0003
ORD-000028,24-03-2023,25-03-2023,26-03-2023,Mexico, Womens Fashion ,2155,10,350,754250,7542.5,746707.5,560300,186407.5,4,PR003,3,P0003
ORD-000028,25-03-2023,26-03-2023,27-03-2023,Brazil, Team Sports ,3864,120,20,77280,772.8,76507.2,38640,37867.2,1,PR003,3,P0004
ORD-000029,26-03-2023,27-03-2023,29-03-2023,Mexico, Team Sports ,362,120,7,2534,25.34,2508.66,1810,698.66,4,PR004,2,P0004
ORD-000029,27-03-2023,28-03-2023,02-04-2023,Brazil, Team Sports ,923,120,125,115375,1153.75,114221.25,110760,3461.25,1,PR002,1,P0004
ORD-000029,28-03-2023,29-03-2023,03-04-2023,Brazil, Team Sports ,663,120,125,82875,828.75,82046.25,79560,2486.25,1,PR002,1,P0004
ORD-000030,29-03-2023,30-03-2023,31-03-2023,Brazil, Team Sports ,2092,120,7,14644,146.44,14497.56,10460,4037.56,1,PR003,3,P0004
ORD-000030,30-03-2023,31-03-2023,05-04-2023,Mexico, Footwears ,263,250,7,1841,18.41,1822.59,1315,507.59,4,PR002,1,P0005
ORD-000030,31-03-2023,01-04-2023,06-04-2023,Brazil, Footwears ,943.5,250,350,330225,3302.25,326922.75,245310,81612.75,1,PR002,1,P0005
ORD-000031,01-04-2023,02-04-2023,07-04-2023,India, Footwears ,727,250,125,90875,908.75,89966.25,87240,2726.25,3,PR004,1,P0005
ORD-000031,02-04-2023,03-04-2023,04-04-2023,Mexico, Footwears ,787,250,125,98375,983.75,97391.25,94440,2951.25,4,PR001,3,P0005
ORD-000031,03-04-2023,04-04-2023,06-04-2023,India, Footwears ,986,250,300,295800,2958,292842,246500,46342,3,PR003,2,P0005
ORD-000032,04-04-2023,05-04-2023,12-04-2023,Brazil, Footwears ,494,250,300,148200,1482,146718,123500,23218,1,PR003,4,P0005
ORD-000032,05-04-2023,06-04-2023,08-04-2023,Germany, Footwears ,1397,250,350,488950,4889.5,484060.5,363220,120840.5,2,PR004,2,P0005
ORD-000032,06-04-2023,07-04-2023,14-04-2023,Brazil, Footwears ,1744,250,125,218000,2180,215820,209280,6540,1,PR004,4,P0005
ORD-000033,07-04-2023,08-04-2023,13-04-2023,India, Stationery,1989,260,12,23868,238.68,23629.32,5967,17662.32,3,PR002,1,P0006
ORD-000033,08-04-2023,09-04-2023,11-04-2023,India, Stationery,321,260,15,4815,48.15,4766.85,3210,1556.85,3,PR003,2,P0006
ORD-000033,09-04-2023,10-04-2023,17-04-2023,Mexico, Electronics ,742.5,3,125,92812.5,1856.25,90956.25,89100,1856.25,4,PR001,4,P0001
ORD-000034,10-04-2023,11-04-2023,12-04-2023,Germany, Electronics ,1295,3,12,15540,310.8,15229.2,3885,11344.2,2,PR004,3,P0001
ORD-000034,11-04-2023,12-04-2023,13-04-2023,Mexico, Electronics ,214,3,300,64200,1284,62916,53500,9416,4,PR001,3,P0001
ORD-000034,12-04-2023,13-04-2023,15-04-2023,India, Electronics ,2145,3,7,15015,300.3,14714.7,10725,3989.7,3,PR001,2,P0001
ORD-000035,13-04-2023,14-04-2023,16-04-2023,Brazil, Electronics ,2852,3,350,998200,19964,978236,741520,236716,1,PR003,2,P0001
ORD-000035,14-04-2023,15-04-2023,20-04-2023,Germany, Mens Fashion ,1142,5,12,13704,274.08,13429.92,3426,10003.92,2,PR003,1,P0002
ORD-000035,15-04-2023,16-04-2023,18-04-2023,Brazil, Mens Fashion ,1566,5,20,31320,626.4,30693.6,15660,15033.6,1,PR004,2,P0002
ORD-000036,16-04-2023,17-04-2023,22-04-2023,Brazil, Mens Fashion ,690,5,12,8280,165.6,8114.4,2070,6044.4,1,PR003,1,P0002
ORD-000036,17-04-2023,18-04-2023,23-04-2023,Germany, Mens Fashion ,1660,5,125,207500,4150,203350,199200,4150,2,PR003,1,P0002
ORD-000036,18-04-2023,19-04-2023,20-04-2023,Mexico, Womens Fashion ,2363,10,15,35445,708.9,34736.1,23630,11106.1,4,PR003,3,P0003
ORD-000037,19-04-2023,20-04-2023,21-04-2023,Brazil, Womens Fashion ,918,10,300,275400,5508,269892,229500,40392,1,PR001,3,P0003
ORD-000037,20-04-2023,21-04-2023,28-04-2023,India, Womens Fashion ,1728,10,300,518400,10368,508032,432000,76032,3,PR004,4,P0003
ORD-000037,21-04-2023,22-04-2023,23-04-2023,Brazil, Womens Fashion ,1142,10,12,13704,274.08,13429.92,3426,10003.92,1,PR002,3,P0003
ORD-000038,22-04-2023,23-04-2023,24-04-2023,Germany, Womens Fashion ,662,10,125,82750,1655,81095,79440,1655,2,PR001,3,P0003
ORD-000038,23-04-2023,24-04-2023,26-04-2023,Germany, Womens Fashion ,1295,10,12,15540,310.8,15229.2,3885,11344.2,2,PR003,2,P0003
ORD-000038,24-04-2023,25-04-2023,26-04-2023,Germany, Womens Fashion ,809,10,125,101125,2022.5,99102.5,97080,2022.5,2,PR001,3,P0003
ORD-000039,25-04-2023,26-04-2023,03-05-2023,Mexico, Womens Fashion ,2145,10,125,268125,5362.5,262762.5,257400,5362.5,4,PR003,4,P0003
ORD-000039,26-04-2023,27-04-2023,29-04-2023,Brazil, Womens Fashion ,1785,10,12,21420,428.4,20991.6,5355,15636.6,1,PR003,2,P0003
ORD-000039,27-04-2023,28-04-2023,05-05-2023,Mexico, Womens Fashion ,1916,10,300,574800,11496,563304,479000,84304,4,PR001,4,P0003
ORD-000040,28-04-2023,29-04-2023,30-04-2023,Mexico, Womens Fashion ,2852,10,350,998200,19964,978236,741520,236716,4,PR004,3,P0003
ORD-000040,29-04-2023,30-04-2023,07-05-2023,Germany, Womens Fashion ,2729,10,125,341125,6822.5,334302.5,327480,6822.5,2,PR003,4,P0003
ORD-000040,30-04-2023,01-05-2023,03-05-2023,Germany, Womens Fashion ,1925,10,15,28875,577.5,28297.5,19250,9047.5,2,PR004,2,P0003
ORD-000041,01-05-2023,02-05-2023,07-05-2023,Mexico, Womens Fashion ,2021,10,7,14091,281.82,13809.18,10065,3744.18,4,PR002,1,P0003
ORD-000041,02-05-2023,03-05-2023,10-05-2023,Brazil, Womens Fashion ,1055,10,12,12660,253.2,12406.8,3165,9241.8,1,PR003,4,P0003
ORD-000041,03-05-2023,04-05-2023,11-05-2023,India, Womens Fashion ,1084,10,12,13008,260.16,12747.84,3252,9495.84,3,PR004,4,P0003
ORD-000042,04-05-2023,05-05-2023,07-05-2023,Mexico, Team Sports ,1566,120,20,31320,626.4,30693.6,15660,15033.6,4,PR004,2,P0004
ORD-000042,05-05-2023,06-05-2023,08-05-2023,Brazil, Team Sports ,2966,120,350,1038100,20762,1017338,771160,246178,1,PR002,2,P0004
ORD-000042,06-05-2023,07-05-2023,14-05-2023,Germany, Team Sports ,2877,120,350,1006950,20219,986811,748020,238791,2,PR004,4,P0004
ORD-000043,07-05-2023,08-05-2023,09-05-2023,Germany, Team Sports ,809,120,125,101125,2022.5,99102.5,97080,2022.5,2,PR004,3,P0004
ORD-000043,08-05-2023,09-05-2023,16-05-2023,Brazil, Team Sports ,2145,120,125,268125,5362.5,262762.5,257400,5362.5,1,PR002,4,P0004
ORD-000043,09-05-2023,10-05-2023,12-05-2023,India, Team Sports ,1055,120,12,12660,253.2,12406.8,3165,9241.8,3,PR003,2,P0004
ORD-000044,10-05-2023,11-05-2023,16-05-2023,Germany, Team Sports ,544,120,20,10880,217.6,10662.4,5440,5222.4,2,PR004,1,P0004
ORD-000044,11-05-2023,12-05-2023,17-05-2023,Germany, Team Sports ,1084,120,12,13008,260.16,12747.84,3252,9495.84,2,PR004,1,P0004
ORD-000044,12-05-2023,13-05-2023,14-05-2023,Germany, Footwears ,662,250,125,82750,1655,81095,79440,1655,2,PR004,3,P0005
ORD-000045,13-05-2023,14-05-2023,21-05-2023,Brazil, Footwears ,214,250,300,64200,1284,62916,53500,9416,1,PR001,4,P0005
ORD-000045,14-05-2023,15-05-2023,20-05-2023,Mexico, Footwears ,2877,250,350,1006950,20219,986811,748020,238791,4,PR002,1,P0005
ORD-000045,15-05-2023,16-05-2023,23-05-2023,Germany, Footwears ,2729,250,125,341125,6822.5,334302.5,327480,6822.5,2,PR001,4,P0005
ORD-000046,16-05-2023,17-05-2023,19-05-2023,Mexico, Footwears ,266,250,350,93100,1862,91238,69160,22078,4,PR002,2,P0005
ORD-000046,17-05-2023,18-05-2023,23-05-2023,India, Footwears ,1940,250,350,679000,13580,665420,504400,161020,3,PR003,1,P0005
ORD-000046,18-05-2023,19-05-2023,20-05-2023,Germany, Stationery,259,260,300,77700,1554,76146,64750,11396,2,PR003,3,P0006
ORD-000047,19-05-2023,20-05-2023,26-05-2023,Germany, Stationery,1101,260,300,330300,6606,323694,275250,48444,2,PR004,2,P0006
ORD-000047,20-05-2023,21-05-2023,22-05-2023,India, Stationery,2276,260,125,284500,5690,278810,273120,5690,3,PR002,3,P0006
ORD-000047,21-05-2023,22-05-2023,24-05-2023,Germany, Stationery,2966,260,350,1038100,20762,1017338,771160,246178,2,PR003,2,P0006
ORD-000048,22-05-2023,23-05-2023,28-05-2023,Mexico, Stationery,1236,260,20,24720,494.4,24225.6,12360,11865.6,4,PR002,1,P0006
ORD-000048,23-05-2023,24-05-2023,25-05-2023,Brazil, Stationery,941,260,20,18820,376.4,18443.6,9410,9033.6,1,PR003,3,P0006
ORD-000048,24-05-2023,25-05-2023,26-05-2023,Mexico, Stationery,1916,260,300,574800,11496,563304,479000,84304,4,PR001,3,P0006
ORD-000049,25-05-2023,26-05-2023,28-05-2023,Brazil, Electronics ,4243.5,3,125,530437.5,15913.13,514524.38,509220,5304.38,1,PR003,2,P0001
ORD-000049,26-05-2023,27-05-2023,28-05-2023,Brazil, Electronics ,2580,3,20,51600,1548,50052,25800,24252,1,PR001,3,P0001
ORD-000049,27-05-2023,28-05-2023,03-06-2023,Mexico, Electronics ,689,3,300,206700,6201,200499,172250,28249,4,PR003,2,P0001
ORD-000050,28-05-2023,29-05-2023,31-05-2023,Mexico, Electronics ,1947,3,12,23364,700.92,22663.08,5841,16822.08,4,PR004,2,P0001
ORD-000050,29-05-2023,30-05-2023,01-06-2023,Mexico, Electronics ,908,3,12,10896,326.88,10569.12,2724,7845.12,4,PR001,2,P0001
ORD-000050,30-05-2023,31-05-2023,02-06-2023,Mexico, Mens Fashion ,1958,5,7,13706,411.18,13294.82,9790,3504.82,4,PR003,2,P0002
ORD-000051,31-05-2023,01-06-2023,06-06-2023,India, Mens Fashion ,1901,5,12,22812,684.36,22127.64,5703,16424.64,3,PR004,1,P0002
ORD-000051,01-06-2023,02-06-2023,04-06-2023,Germany, Mens Fashion ,544,5,7,3808,114.24,3693.76,2720,973.76,2,PR001,2,P0002
ORD-000051,02-06-2023,03-06-2023,08-06-2023,Brazil, Mens Fashion ,1797,5,350,628950,18868.5,610081.5,467220,142861.5,1,PR004,4,P0002
ORD-000052,03-06-2023,04-06-2023,05-06-2023,Mexico, Mens Fashion ,1287,5,125,160875,4826.25,156048.75,154440,1608.75,4,PR002,3,P0002
ORD-000052,04-06-2023,05-06-2023,12-06-2023,Mexico, Mens Fashion ,1706,5,125,213250,6397.5,206852.5,204720,2132.5,4,PR002,4,P0002
ORD-000052,05-06-2023,06-06-2023,11-06-2023,Mexico, Womens Fashion ,2434.5,10,300,730350,21910.5,708439.5,608625,99814.5,4,PR001,1,P0003
ORD-000053,06-06-2023,07-06-2023,14-06-2023,India, Womens Fashion ,1774,10,125,221750,6652.5,215097.5,212880,2217.5,3,PR003,4,P0003
ORD-000053,07-06-2023,08-06-2023,09-06-2023,Mexico, Womens Fashion ,1901,10,12,22812,684.36,22127.64,5703,16424.64,4,PR001,3,P0003
ORD-000053,08-06-2023,09-06-2023,16-06-2023,Mexico, Womens Fashion ,689,10,300,206700,6201,200499,172250,28249,4,PR004,4,P0003
ORD-000054,09-06-2023,10-06-2023,15-06-2023,Mexico, Womens Fashion ,1570,10,125,196250,5887.5,190362.5,188400,1962.5,4,PR003,1,P0003
ORD-000054,10-06-2023,11-06-2023,13-06-2023,Germany, Womens Fashion ,1369.5,10,12,16434,493.02,15940.98,4108.5,11832.48,2,PR002,2,P0003
ORD-000054,11-06-2023,12-06-2023,19-06-2023,India, Womens Fashion ,2009,10,125,251125,7533.75,243591.25,241080,2511.25,3,PR003,4,P0003
ORD-000055,12-06-2023,13-06-2023,18-06-2023,Mexico, Womens Fashion ,1945,10,15,29175,875.25,28299.75,19450,8849.75,4,PR002,1,P0003
ORD-000055,13-06-2023,14-06-2023,19-06-2023,Brazil, Womens Fashion ,1287,10,125,160875,4826.25,156048.75,154440,1608.75,1,PR003,1,P0003
ORD-000055,14-06-2023,15-06-2023,16-06-2023,Brazil, Womens Fashion ,1706,10,125,213250,6397.5,206852.5,204720,2132.5,1,PR003,3,P0003
ORD-000056,15-06-2023,16-06-2023,17-06-2023,Brazil, Team Sports ,2009,120,125,251125,7533.75,243591.25,241080,2511.25,1,PR003,3,P0004
ORD-000056,16-06-2023,17-06-2023,24-06-2023,India, Footwears ,2844,250,300,853200,25596,827604,711000,116604,3,PR004,4,P0005
ORD-000056,17-06-2023,18-06-2023,20-06-2023,India, Footwears ,1916,250,12,22992,689.76,22302.24,5748,16554.24,3,PR004,2,P0005
ORD-000057,18-06-2023,19-06-2023,24-06-2023,Brazil, Footwears ,1570,250,125,196250,5887.5,190362.5,188400,1962.5,1,PR001,1,P0005
ORD-000057,19-06-2023,20-06-2023,27-06-2023,Mexico, Footwears ,1874,250,300,562200,16866,545334,468500,76834,4,PR001,4,P0005
ORD-000057,20-06-2023,21-06-2023,26-06-2023,India, Footwears ,1642,250,350,574700,17241,557459,426920,130539,3,PR002,1,P0005
ORD-000058,21-06-2023,22-06-2023,27-06-2023,Brazil, Footwears ,1945,250,15,29175,875.25,28299.75,19450,8849.75,1,PR004,1,P0005
ORD-000058,22-06-2023,23-06-2023,25-06-2023,Brazil, Electronics ,831,3,20,16620,498.6,16121.4,8310,7811.4,1,PR002,2,P0001
ORD-000058,23-06-2023,24-06-2023,26-06-2023,Mexico, Womens Fashion ,1760,10,7,12320,369.6,11950.4,8800,3150.4,4,PR001,2,P0003
ORD-000059,24-06-2023,25-06-2023,02-07-2023,Germany, Team Sports ,3850.5,120,20,77010,2310.3,74699.7,38505,36194.7,2,PR002,4,P0004
ORD-000059,25-06-2023,26-06-2023,28-06-2023,India, Footwears ,2479,250,12,29748,892.44,28855.56,7437,21418.56,3,PR001,2,P0005
ORD-000059,26-06-2023,27-06-2023,29-06-2023,Mexico, Mens Fashion ,2031,5,15,30465,1218.6,29246.4,20310,8936.4,4,PR004,2,P0002
ORD-000060,27-06-2023,28-06-2023,05-07-2023,Brazil, Womens Fashion ,2031,10,15,30465,1218.6,29246.4,20310,8936.4,1,PR003,4,P0003
ORD-000060,28-06-2023,29-06-2023,01-07-2023,Brazil, Womens Fashion ,2261,10,15,33915,1356.6,32558.4,22610,9948.4,1,PR004,2,P0003
ORD-000060,29-06-2023,30-06-2023,01-07-2023,Mexico, Team Sports ,736,120,20,14720,588.8,14131.2,7360,6771.2,4,PR002,3,P0004
ORD-000061,30-06-2023,01-07-2023,06-07-2023,India, Electronics ,2851,3,7,19957,798.28,19158.72,14255,4903.72,3,PR002,1,P0001
ORD-000061,01-07-2023,02-07-2023,07-07-2023,Germany, Electronics ,2021,3,300,606300,24252,582048,505250,76798,2,PR004,1,P0001
ORD-000061,02-07-2023,03-07-2023,08-07-2023,Germany, Electronics ,274,3,350,95900,3836,92064,71240,20824,2,PR004,1,P0001
ORD-000062,03-07-2023,04-07-2023,09-07-2023,Brazil, Mens Fashion ,1967,5,15,29505,1180.2,28324.8,19670,8654.8,1,PR001,1,P0002
ORD-000062,04-07-2023,05-07-2023,12-07-2023,India, Mens Fashion ,1859,5,300,557700,22308,535392,464750,70642,3,PR002,4,P0002
ORD-000062,05-07-2023,06-07-2023,11-07-2023,Germany, Mens Fashion ,2851,5,7,19957,798.28,19158.72,14255,4903.72,2,PR002,1,P0002
ORD-000063,06-07-2023,07-07-2023,12-07-2023,India, Mens Fashion ,2021,5,300,606300,24252,582048,505250,76798,3,PR004,1,P0002
ORD-000063,07-07-2023,08-07-2023,13-07-2023,India, Mens Fashion ,1138,5,125,142250,5690,136560,136560,      ,3,PR003,1,P0002
ORD-000063,08-07-2023,09-07-2023,14-07-2023,Brazil, Womens Fashion ,4251,10,7,29757,1190.28,28566.72,21255,7311.72,1,PR002,1,P0003
ORD-000064,09-07-2023,10-07-2023,11-07-2023,Germany, Womens Fashion ,795,10,125,99375,3975,95400,95400,      ,2,PR003,3,P0003
ORD-000064,10-07-2023,11-07-2023,16-07-2023,Mexico, Womens Fashion ,1414.5,10,300,424350,16974,407376,353625,53751,4,PR004,1,P0003
ORD-000064,11-07-2023,12-07-2023,13-07-2023,Brazil, Womens Fashion ,2918,10,300,875400,35016,840384,729500,110884,1,PR004,3,P0003
ORD-000065,12-07-2023,13-07-2023,20-07-2023,Germany, Womens Fashion ,3450,10,350,1207500,48300,1159200,897000,262200,2,PR001,4,P0003
ORD-000065,13-07-2023,14-07-2023,16-07-2023,Germany, Womens Fashion ,2988,10,125,373500,14940,358560,358560,      ,2,PR002,2,P0003
ORD-000065,14-07-2023,15-07-2023,20-07-2023,Germany, Womens Fashion ,218,10,15,3270,130.8,3139.2,2180,959.2,2,PR003,1,P0003
ORD-000066,15-07-2023,16-07-2023,18-07-2023,Germany, Womens Fashion ,2074,10,20,41480,1659.2,39820.8,20740,19080.8,2,PR001,2,P0003
ORD-000066,16-07-2023,17-07-2023,19-07-2023,Germany, Womens Fashion ,1056,10,20,21120,844.8,20275.2,10560,9715.2,2,PR002,2,P0003
ORD-000066,17-07-2023,18-07-2023,25-07-2023,India, Womens Fashion ,671,10,15,10065,402.6,9662.4,6710,2952.4,3,PR001,4,P0003
ORD-000067,18-07-2023,19-07-2023,21-07-2023,Brazil, Womens Fashion ,1514,10,15,22710,908.4,21801.6,15140,6661.6,1,PR004,2,P0003
ORD-000067,19-07-2023,20-07-2023,21-07-2023,India, Womens Fashion ,274,10,350,95900,3836,92064,71240,20824,3,PR002,3,P0003
ORD-000067,20-07-2023,21-07-2023,23-07-2023,Mexico, Womens Fashion ,1138,10,125,142250,5690,136560,136560,      ,4,PR001,2,P0003
ORD-000068,21-07-2023,22-07-2023,24-07-2023,Germany, Team Sports ,1465,120,12,17580,703.2,16876.8,4395,12481.8,2,PR001,2,P0004
ORD-000068,22-07-2023,23-07-2023,25-07-2023,Brazil, Team Sports ,2646,120,20,52920,2116.8,50803.2,26460,24343.2,1,PR003,2,P0004
ORD-000068,23-07-2023,24-07-2023,29-07-2023,Germany, Team Sports ,2177,120,350,761950,30478,731472,566020,165452,2,PR001,1,P0004
ORD-000069,24-07-2023,25-07-2023,30-07-2023,Brazil, Footwears ,866,250,12,10392,415.68,9976.32,2598,7378.32,1,PR002,1,P0005
ORD-000069,25-07-2023,26-07-2023,27-07-2023,India, Footwears ,349,250,350,122150,4886,117264,90740,26524,3,PR002,3,P0005
ORD-000069,26-07-2023,27-07-2023,28-07-2023,Brazil, Footwears ,2177,250,350,761950,30478,731472,566020,165452,1,PR003,3,P0005
ORD-000070,27-07-2023,28-07-2023,02-08-2023,Mexico, Footwears ,1514,250,15,22710,908.4,21801.6,15140,6661.6,4,PR002,1,P0005
ORD-000070,28-07-2023,29-07-2023,30-07-2023,Mexico, Stationery,1865,260,350,652750,26110,626640,484900,141740,4,PR004,3,P0006
ORD-000070,29-07-2023,30-07-2023,04-08-2023,Brazil, Stationery,1074,260,125,134250,5370,128880,128880,      ,1,PR002,1,P0006
ORD-000071,30-07-2023,31-07-2023,07-08-2023,Brazil, Stationery,1907,260,350,667450,26698,640752,495820,144932,1,PR002,4,P0006
ORD-000071,31-07-2023,01-08-2023,03-08-2023,Brazil, Stationery,671,260,15,10065,402.6,9662.4,6710,2952.4,1,PR001,2,P0006
ORD-000071,01-08-2023,02-08-2023,04-08-2023,Brazil, Stationery,1778,260,350,622300,24892,597408,462280,135128,1,PR001,2,P0006
ORD-000072,02-08-2023,03-08-2023,04-08-2023,Mexico, Mens Fashion ,1159,5,7,8113,405.65,7707.35,5795,1912.35,4,PR002,3,P0002
ORD-000072,03-08-2023,04-08-2023,09-08-2023,Germany, Womens Fashion ,1372,10,7,9604,480.2,9123.8,6860,2263.8,2,PR003,1,P0003
ORD-000072,04-08-2023,05-08-2023,10-08-2023,Brazil, Womens Fashion ,2349,10,7,16443,822.15,15620.85,11745,3875.85,1,PR001,1,P0003
ORD-000073,05-08-2023,06-08-2023,07-08-2023,Brazil, Womens Fashion ,2689,10,7,18823,941.15,17881.85,13445,4436.85,1,PR003,3,P0003
ORD-000073,06-08-2023,07-08-2023,12-08-2023,Mexico, Womens Fashion ,2431,10,12,29172,1458.6,27713.4,7293,20420.4,4,PR002,1,P0003
ORD-000073,07-08-2023,08-08-2023,15-08-2023,Mexico, Team Sports ,2431,120,12,29172,1458.6,27713.4,7293,20420.4,4,PR002,4,P0004
ORD-000074,08-08-2023,09-08-2023,11-08-2023,India, Footwears ,2689,250,7,18823,941.15,17881.85,13445,4436.85,3,PR004,2,P0005
ORD-000074,09-08-2023,10-08-2023,11-08-2023,Brazil, Stationery,1683,260,7,11781,589.05,11191.95,8415,2776.95,1,PR001,3,P0006
ORD-000074,10-08-2023,11-08-2023,12-08-2023,India, Stationery,1123,260,12,13476,673.8,12802.2,3369,9433.2,3,PR002,3,P0006
ORD-000075,11-08-2023,12-08-2023,17-08-2023,Mexico, Stationery,1159,260,7,8113,405.65,7707.35,5795,1912.35,4,PR004,1,P0006
ORD-000075,12-08-2023,13-08-2023,14-08-2023,Mexico, Electronics ,1865,3,12,22380,1119,21261,5595,15666,4,PR001,3,P0001
ORD-000075,13-08-2023,14-08-2023,21-08-2023,Germany, Electronics ,1116,3,12,13392,669.6,12722.4,3348,9374.4,2,PR002,4,P0001
ORD-000076,14-08-2023,15-08-2023,20-08-2023,Brazil, Electronics ,1563,3,20,31260,1563,29697,15630,14067,1,PR002,1,P0001
ORD-000076,15-08-2023,16-08-2023,21-08-2023,India, Electronics ,991,3,300,297300,14865,282435,247750,34685,3,PR001,1,P0001
ORD-000076,16-08-2023,17-08-2023,22-08-2023,Mexico, Electronics ,1016,3,7,7112,355.6,6756.4,5080,1676.4,4,PR001,1,P0001
ORD-000077,17-08-2023,18-08-2023,23-08-2023,Mexico, Electronics ,2791,3,15,41865,2093.25,39771.75,27910,11861.75,4,PR001,1,P0001
ORD-000077,18-08-2023,19-08-2023,26-08-2023,India, Electronics ,570,3,7,3990,199.5,3790.5,2850,940.5,3,PR002,4,P0001
ORD-000077,19-08-2023,20-08-2023,25-08-2023,Germany, Electronics ,2487,3,7,17409,870.45,16538.55,12435,4103.55,2,PR002,1,P0001
ORD-000078,20-08-2023,21-08-2023,22-08-2023,Mexico, Mens Fashion ,1384.5,5,350,484575,24228.75,460346.25,359970,100376.25,4,PR004,3,P0002
ORD-000078,21-08-2023,22-08-2023,29-08-2023,Brazil, Mens Fashion ,3627,5,125,453375,22668.75,430706.25,435240,"-4,533.75",1,PR003,4,P0002
ORD-000078,22-08-2023,23-08-2023,25-08-2023,Mexico, Mens Fashion ,720,5,350,252000,12600,239400,187200,52200,4,PR001,2,P0002
ORD-000079,23-08-2023,24-08-2023,26-08-2023,Brazil, Mens Fashion ,2342,5,12,28104,1405.2,26698.8,7026,19672.8,1,PR002,2,P0002
ORD-000079,24-08-2023,25-08-2023,27-08-2023,India, Mens Fashion ,1100,5,300,330000,16500,313500,275000,38500,3,PR002,3,P0002
ORD-000079,25-08-2023,26-08-2023,28-08-2023,Brazil, Womens Fashion ,1303,10,20,26060,1303,24757,13030,11727,1,PR001,3,P0003
ORD-000080,26-08-2023,27-08-2023,03-09-2023,India, Womens Fashion ,2992,10,125,374000,18700,355300,359040,"-3,740.00",3,PR003,4,P0003
ORD-000080,27-08-2023,28-08-2023,30-08-2023,Brazil, Womens Fashion ,2385,10,125,298125,14906.25,283218.75,286200,"-2,981.25",1,PR001,2,P0003
ORD-000080,28-08-2023,29-08-2023,31-08-2023,India, Womens Fashion ,1607,10,300,482100,24105,457995,401750,56245,3,PR003,2,P0003
ORD-000081,29-08-2023,30-08-2023,01-09-2023,Brazil, Womens Fashion ,2327,10,7,16289,814.45,15474.55,11635,3839.55,1,PR002,2,P0003
ORD-000081,30-08-2023,31-08-2023,02-09-2023,Germany, Womens Fashion ,991,10,300,297300,14865,282435,247750,34685,2,PR003,2,P0003
ORD-000081,31-08-2023,01-09-2023,03-09-2023,Brazil, Womens Fashion ,602,10,350,210700,10535,200165,156520,43645,1,PR004,2,P0003
ORD-000082,01-09-2023,02-09-2023,07-09-2023,Brazil, Womens Fashion ,2620,10,15,39300,1965,37335,26200,11135,1,PR002,1,P0003
ORD-000082,02-09-2023,03-09-2023,04-09-2023,Germany, Womens Fashion ,1228,10,350,429800,21490,408310,319280,89030,2,PR004,3,P0003
ORD-000082,03-09-2023,04-09-2023,09-09-2023,Mexico, Womens Fashion ,1389,10,20,27780,1389,26391,13890,12501,4,PR001,1,P0003
ORD-000083,04-09-2023,05-09-2023,07-09-2023,Mexico, Womens Fashion ,861,10,125,107625,5381.25,102243.75,103320,"-1,076.25",4,PR001,2,P0003
ORD-000083,05-09-2023,06-09-2023,13-09-2023,Brazil, Womens Fashion ,704,10,125,88000,4400,83600,84480,-880,1,PR001,4,P0003
ORD-000083,06-09-2023,07-09-2023,14-09-2023,Germany, Womens Fashion ,1802,10,20,36040,1802,34238,18020,16218,2,PR003,4,P0003
ORD-000084,07-09-2023,08-09-2023,10-09-2023,Brazil, Womens Fashion ,2663,10,20,53260,2663,50597,26630,23967,1,PR002,2,P0003
ORD-000084,08-09-2023,09-09-2023,11-09-2023,India, Womens Fashion ,2136,10,7,14952,747.6,14204.4,10680,3524.4,3,PR001,2,P0003
ORD-000084,09-09-2023,10-09-2023,17-09-2023,India, Womens Fashion ,2116,10,15,31740,1587,30153,21160,8993,3,PR001,4,P0003
ORD-000085,10-09-2023,11-09-2023,16-09-2023,Brazil, Team Sports ,555,120,15,8325,416.25,7908.75,5550,2358.75,1,PR002,1,P0004
ORD-000085,11-09-2023,12-09-2023,17-09-2023,Mexico, Team Sports ,2861,120,15,42915,2145.75,40769.25,28610,12159.25,4,PR001,1,P0004
ORD-000085,12-09-2023,13-09-2023,15-09-2023,Mexico, Team Sports ,807,120,125,100875,5043.75,95831.25,96840,"-1,008.75",4,PR004,2,P0004
ORD-000086,13-09-2023,14-09-2023,19-09-2023,Brazil, Team Sports ,602,120,350,210700,10535,200165,156520,43645,1,PR002,1,P0004
ORD-000086,14-09-2023,15-09-2023,22-09-2023,Brazil, Team Sports ,2832,120,20,56640,2832,53808,28320,25488,1,PR002,4,P0004
ORD-000086,15-09-2023,16-09-2023,21-09-2023,India, Team Sports ,1579,120,20,31580,1579,30001,15790,14211,3,PR002,1,P0004
ORD-000087,16-09-2023,17-09-2023,19-09-2023,Mexico, Team Sports ,861,120,125,107625,5381.25,102243.75,103320,"-1,076.25",4,PR004,2,P0004
ORD-000087,17-09-2023,18-09-2023,25-09-2023,Brazil, Team Sports ,704,120,125,88000,4400,83600,84480,-880,1,PR002,4,P0004
ORD-000087,18-09-2023,19-09-2023,24-09-2023,India, Team Sports ,1033,120,20,20660,1033,19627,10330,9297,3,PR004,1,P0004
ORD-000088,19-09-2023,20-09-2023,21-09-2023,Mexico, Team Sports ,1250,120,300,375000,18750,356250,312500,43750,4,PR002,3,P0004
ORD-000088,20-09-2023,21-09-2023,28-09-2023,Germany, Footwears ,1389,250,20,27780,1389,26391,13890,12501,2,PR003,4,P0005
ORD-000088,21-09-2023,22-09-2023,29-09-2023,India, Footwears ,1265,250,20,25300,1265,24035,12650,11385,3,PR001,4,P0005
ORD-000089,22-09-2023,23-09-2023,24-09-2023,Mexico, Footwears ,2297,250,20,45940,2297,43643,22970,20673,4,PR003,3,P0005
ORD-000089,23-09-2023,24-09-2023,25-09-2023,Mexico, Footwears ,2663,250,20,53260,2663,50597,26630,23967,4,PR001,3,P0005
ORD-000089,24-09-2023,25-09-2023,02-10-2023,India, Footwears ,570,250,7,3990,199.5,3790.5,2850,940.5,3,PR004,4,P0005
ORD-000090,25-09-2023,26-09-2023,27-09-2023,Germany, Footwears ,2487,250,7,17409,870.45,16538.55,12435,4103.55,2,PR003,3,P0005
ORD-000090,26-09-2023,27-09-2023,29-09-2023,India, Stationery,1350,260,350,472500,23625,448875,351000,97875,3,PR002,2,P0006
ORD-000090,27-09-2023,28-09-2023,30-09-2023,Mexico, Stationery,552,260,350,193200,9660,183540,143520,40020,4,PR001,2,P0006
ORD-000091,28-09-2023,29-09-2023,01-10-2023,Brazil, Stationery,1228,260,350,429800,21490,408310,319280,89030,1,PR001,2,P0006
ORD-000091,29-09-2023,30-09-2023,07-10-2023,Brazil, Stationery,1250,260,300,375000,18750,356250,312500,43750,1,PR003,4,P0006
ORD-000091,30-09-2023,01-10-2023,02-10-2023,India, Womens Fashion ,3801,10,15,57015,3420.9,53594.1,38010,15584.1,3,PR004,3,P0003
ORD-000092,01-10-2023,02-10-2023,03-10-2023,Mexico, Electronics ,1117.5,3,20,22350,1341,21009,11175,9834,4,PR003,3,P0001
ORD-000092,02-10-2023,03-10-2023,08-10-2023,Brazil, Electronics ,2844,3,15,42660,2559.6,40100.4,28440,11660.4,1,PR004,1,P0001
ORD-000092,03-10-2023,04-10-2023,09-10-2023,Mexico, Electronics ,562,3,12,6744,404.64,6339.36,1686,4653.36,4,PR004,1,P0001
ORD-000093,04-10-2023,05-10-2023,06-10-2023,India, Electronics ,2299,3,12,27588,1655.28,25932.72,6897,19035.72,3,PR001,3,P0001
ORD-000093,05-10-2023,06-10-2023,07-10-2023,Brazil, Electronics ,2030,3,15,30450,1827,28623,20300,8323,1,PR003,3,P0001
ORD-000093,06-10-2023,07-10-2023,08-10-2023,Mexico, Electronics ,263,3,7,1841,110.46,1730.54,1315,415.54,4,PR003,3,P0001
ORD-000094,07-10-2023,08-10-2023,15-10-2023,Brazil, Electronics ,887,3,125,110875,6652.5,104222.5,106440,"-2,217.50",1,PR004,4,P0001
ORD-000094,08-10-2023,09-10-2023,10-10-2023,India, Mens Fashion ,980,5,350,343000,20580,322420,254800,67620,3,PR003,3,P0002
ORD-000094,09-10-2023,10-10-2023,15-10-2023,Mexico, Mens Fashion ,1460,5,350,511000,30660,480340,379600,100740,4,PR002,1,P0002
ORD-000095,10-10-2023,11-10-2023,18-10-2023,Brazil, Mens Fashion ,1403,5,7,9821,589.26,9231.74,7015,2216.74,1,PR002,4,P0002
ORD-000095,11-10-2023,12-10-2023,13-10-2023,India, Mens Fashion ,2723,5,12,32676,1960.56,30715.44,8169,22546.44,3,PR003,3,P0002
ORD-000095,12-10-2023,13-10-2023,18-10-2023,Brazil, Womens Fashion ,1496,10,350,523600,31416,492184,388960,103224,1,PR003,1,P0003
ORD-000096,13-10-2023,14-10-2023,21-10-2023,Brazil, Womens Fashion ,2299,10,12,27588,1655.28,25932.72,6897,19035.72,1,PR004,4,P0003
ORD-000096,14-10-2023,15-10-2023,16-10-2023,Germany, Womens Fashion ,727,10,350,254450,15267,239183,189020,50163,2,PR002,3,P0003
ORD-000096,15-10-2023,16-10-2023,17-10-2023,Germany, Team Sports ,952,120,125,119000,7140,111860,114240,"-2,380.00",2,PR002,3,P0004
ORD-000097,16-10-2023,17-10-2023,18-10-2023,India, Team Sports ,2755,120,125,344375,20662.5,323712.5,330600,"-6,887.50",3,PR001,3,P0004
ORD-000097,17-10-2023,18-10-2023,25-10-2023,Germany, Team Sports ,1530,120,15,22950,1377,21573,15300,6273,2,PR004,4,P0004
ORD-000097,18-10-2023,19-10-2023,24-10-2023,India, Team Sports ,1496,120,350,523600,31416,492184,388960,103224,3,PR001,1,P0004
ORD-000098,19-10-2023,20-10-2023,25-10-2023,Germany, Team Sports ,1498,120,7,10486,629.16,9856.84,7490,2366.84,2,PR002,1,P0004
ORD-000098,20-10-2023,21-10-2023,23-10-2023,Brazil, Team Sports ,1221,120,300,366300,21978,344322,305250,39072,1,PR004,2,P0004
ORD-000098,21-10-2023,22-10-2023,23-10-2023,India, Team Sports ,2076,120,350,726600,43596,683004,539760,143244,3,PR003,3,P0004
ORD-000099,22-10-2023,23-10-2023,25-10-2023,India, Footwears ,2844,250,15,42660,2559.6,40100.4,28440,11660.4,3,PR004,2,P0005
ORD-000099,23-10-2023,24-10-2023,26-10-2023,Brazil, Footwears ,1498,250,7,10486,629.16,9856.84,7490,2366.84,1,PR003,2,P0005
ORD-000099,24-10-2023,25-10-2023,30-10-2023,India, Footwears ,1221,250,300,366300,21978,344322,305250,39072,3,PR003,1,P0005
ORD-000100,25-10-2023,26-10-2023,02-11-2023,India, Footwears ,1123,250,20,22460,1347.6,21112.4,11230,9882.4,3,PR004,4,P0005
ORD-000100,26-10-2023,27-10-2023,03-11-2023,Germany, Footwears ,2436,250,300,730800,43848,686952,609000,77952,2,PR003,4,P0005
ORD-000100,27-10-2023,28-10-2023,02-11-2023,India, Stationery,1987.5,260,125,248437.5,14906.25,233531.25,238500,"-4,968.75",3,PR001,1,P0006
ORD-000101,28-10-2023,29-10-2023,05-11-2023,Mexico, Stationery,1679,260,350,587650,35259,552391,436540,115851,4,PR002,4,P0006
ORD-000101,29-10-2023,30-10-2023,01-11-2023,Brazil, Stationery,727,260,350,254450,15267,239183,189020,50163,1,PR003,2,P0006
ORD-000101,30-10-2023,31-10-2023,01-11-2023,Germany, Stationery,1403,260,7,9821,589.26,9231.74,7015,2216.74,2,PR001,3,P0006
ORD-000102,31-10-2023,01-11-2023,06-11-2023,Germany, Stationery,2076,260,350,726600,43596,683004,539760,143244,2,PR003,1,P0006
ORD-000102,01-11-2023,02-11-2023,03-11-2023,Mexico, Mens Fashion ,1757,5,20,35140,2108.4,33031.6,17570,15461.6,4,PR002,3,P0002
ORD-000102,02-11-2023,03-11-2023,10-11-2023,Brazil, Womens Fashion ,2198,10,15,32970,1978.2,30991.8,21980,9011.8,1,PR001,4,P0003
ORD-000103,03-11-2023,04-11-2023,05-11-2023,Brazil, Womens Fashion ,1743,10,15,26145,1568.7,24576.3,17430,7146.3,1,PR002,3,P0003
ORD-000103,04-11-2023,05-11-2023,12-11-2023,Germany, Womens Fashion ,1153,10,15,17295,1037.7,16257.3,11530,4727.3,2,PR002,4,P0003
ORD-000103,05-11-2023,06-11-2023,13-11-2023,India, Womens Fashion ,1757,10,20,35140,2108.4,33031.6,17570,15461.6,3,PR001,4,P0003
ORD-000104,06-11-2023,07-11-2023,09-11-2023,Germany, Team Sports ,1001,120,20,20020,1201.2,18818.8,10010,8808.8,2,PR001,2,P0004
ORD-000104,07-11-2023,08-11-2023,15-11-2023,Brazil, Team Sports ,1333,120,7,9331,559.86,8771.14,6665,2106.14,1,PR001,4,P0004
ORD-000104,08-11-2023,09-11-2023,11-11-2023,Mexico, Footwears ,1153,250,15,17295,1037.7,16257.3,11530,4727.3,4,PR004,2,P0005
ORD-000105,09-11-2023,10-11-2023,12-11-2023,Germany, Electronics ,727,3,12,8724,610.68,8113.32,2181,5932.32,2,PR001,2,P0001
ORD-000105,10-11-2023,11-11-2023,13-11-2023,Brazil, Electronics ,1884,3,12,22608,1582.56,21025.44,5652,15373.44,1,PR001,2,P0001
ORD-000105,11-11-2023,12-11-2023,17-11-2023,Germany, Electronics ,1834,3,20,36680,2567.6,34112.4,18340,15772.4,2,PR001,1,P0001
ORD-000106,12-11-2023,13-11-2023,18-11-2023,India, Mens Fashion ,2340,5,12,28080,1965.6,26114.4,7020,19094.4,3,PR001,1,P0002
ORD-000106,13-11-2023,14-11-2023,21-11-2023,Germany, Mens Fashion ,2342,5,12,28104,1967.28,26136.72,7026,19110.72,2,PR003,4,P0002
ORD-000106,14-11-2023,15-11-2023,17-11-2023,Germany, Womens Fashion ,1031,10,7,7217,505.19,6711.81,5155,1556.81,2,PR004,2,P0003
ORD-000107,15-11-2023,16-11-2023,21-11-2023,Brazil, Team Sports ,1262,120,15,18930,1325.1,17604.9,12620,4984.9,1,PR002,1,P0004
ORD-000107,16-11-2023,17-11-2023,19-11-2023,Brazil, Team Sports ,1135,120,7,7945,556.15,7388.85,5675,1713.85,1,PR001,2,P0004
ORD-000107,17-11-2023,18-11-2023,19-11-2023,Brazil, Team Sports ,547,120,7,3829,268.03,3560.97,2735,825.97,1,PR003,3,P0004
ORD-000108,18-11-2023,19-11-2023,20-11-2023,Germany, Team Sports ,1582,120,7,11074,775.18,10298.82,7910,2388.82,2,PR003,3,P0004
ORD-000108,19-11-2023,20-11-2023,21-11-2023,India, Footwears ,1738.5,250,12,20862,1460.34,19401.66,5215.5,14186.16,3,PR003,3,P0005
ORD-000108,20-11-2023,21-11-2023,28-11-2023,Mexico, Footwears ,2215,250,12,26580,1860.6,24719.4,6645,18074.4,4,PR002,4,P0005
ORD-000109,21-11-2023,22-11-2023,24-11-2023,Mexico, Footwears ,1582,250,7,11074,775.18,10298.82,7910,2388.82,4,PR001,2,P0005
ORD-000109,22-11-2023,23-11-2023,24-11-2023,Brazil, Stationery,1135,260,7,7945,556.15,7388.85,5675,1713.85,1,PR004,3,P0006
ORD-000109,23-11-2023,24-11-2023,29-11-2023,Brazil, Electronics ,1761,3,350,616350,43144.5,573205.5,457860,115345.5,1,PR004,1,P0001
ORD-000110,24-11-2023,25-11-2023,26-11-2023,Germany, Electronics ,448,3,300,134400,9408,124992,112000,12992,2,PR003,3,P0001
ORD-000110,25-11-2023,26-11-2023,27-11-2023,Mexico, Electronics ,2181,3,300,654300,45801,608499,545250,63249,4,PR002,3,P0001
ORD-000110,26-11-2023,27-11-2023,28-11-2023,Brazil, Mens Fashion ,1976,5,20,39520,2766.4,36753.6,19760,16993.6,1,PR002,3,P0002
ORD-000111,27-11-2023,28-11-2023,05-12-2023,India, Mens Fashion ,2181,5,300,654300,45801,608499,545250,63249,3,PR002,4,P0002
ORD-000111,28-11-2023,29-11-2023,04-12-2023,India, Mens Fashion ,2500,5,125,312500,21875,290625,300000,"-9,375.00",3,PR004,1,P0002
ORD-000111,29-11-2023,30-11-2023,02-12-2023,Brazil, Womens Fashion ,1702,10,300,510600,35742,474858,425500,49358,1,PR003,2,P0003
ORD-000112,30-11-2023,01-12-2023,06-12-2023,Brazil, Womens Fashion ,448,10,300,134400,9408,124992,112000,12992,1,PR001,1,P0003
ORD-000112,01-12-2023,02-12-2023,04-12-2023,Mexico, Womens Fashion ,3513,10,125,439125,30738.75,408386.25,421560,"-13,173.75",4,PR004,2,P0003
ORD-000112,02-12-2023,03-12-2023,10-12-2023,Mexico, Womens Fashion ,2101,10,15,31515,2206.05,29308.95,21010,8298.95,4,PR003,4,P0003
ORD-000113,03-12-2023,04-12-2023,11-12-2023,Germany, Womens Fashion ,2931,10,15,43965,3077.55,40887.45,29310,11577.45,2,PR003,4,P0003
ORD-000113,04-12-2023,05-12-2023,12-12-2023,Mexico, Womens Fashion ,1535,10,20,30700,2149,28551,15350,13201,4,PR001,4,P0003
ORD-000113,05-12-2023,06-12-2023,13-12-2023,India, Womens Fashion ,1123,10,300,336900,23583,313317,280750,32567,3,PR001,4,P0003
ORD-000114,06-12-2023,07-12-2023,09-12-2023,India, Womens Fashion ,1404,10,300,421200,29484,391716,351000,40716,3,PR001,2,P0003
ORD-000114,07-12-2023,08-12-2023,09-12-2023,Brazil, Womens Fashion ,2763,10,12,33156,2320.92,30835.08,8289,22546.08,1,PR002,3,P0003
ORD-000114,08-12-2023,09-12-2023,11-12-2023,Mexico, Womens Fashion ,2125,10,7,14875,1041.25,13833.75,10625,3208.75,4,PR001,2,P0003
ORD-000115,09-12-2023,10-12-2023,15-12-2023,Germany, Team Sports ,1659,120,300,497700,34839,462861,414750,48111,2,PR003,1,P0004
ORD-000115,10-12-2023,11-12-2023,18-12-2023,India, Team Sports ,609,120,20,12180,852.6,11327.4,6090,5237.4,3,PR001,4,P0004
ORD-000115,11-12-2023,12-12-2023,19-12-2023,India, Team Sports ,2087,120,125,260875,18261.25,242613.75,250440,"-7,826.25",3,PR003,4,P0004
ORD-000116,12-12-2023,13-12-2023,18-12-2023,Germany, Team Sports ,1976,120,20,39520,2766.4,36753.6,19760,16993.6,2,PR004,1,P0004
ORD-000116,13-12-2023,14-12-2023,16-12-2023,Germany, Team Sports ,1421,120,20,28420,1989.4,26430.6,14210,12220.6,2,PR002,2,P0004
ORD-000116,14-12-2023,15-12-2023,16-12-2023,India, Team Sports ,1372,120,300,411600,28812,382788,343000,39788,3,PR004,3,P0004
ORD-000117,15-12-2023,16-12-2023,17-12-2023,India, Team Sports ,588,120,20,11760,823.2,10936.8,5880,5056.8,3,PR004,3,P0004
ORD-000117,16-12-2023,17-12-2023,22-12-2023,Germany, Footwears ,3244.5,250,12,38934,2725.38,36208.62,9733.5,26475.12,2,PR003,1,P0005
ORD-000117,17-12-2023,18-12-2023,19-12-2023,India, Footwears ,959,250,300,287700,20219,267561,239750,27811,3,PR004,3,P0005
ORD-000118,18-12-2023,19-12-2023,21-12-2023,Brazil, Footwears ,2747,250,300,824100,57687,766413,686750,79663,1,PR003,2,P0005
ORD-000118,19-12-2023,20-12-2023,22-12-2023,Brazil, Stationery,1645,260,125,205625,14393.75,191231.25,197400,"-6,168.75",1,PR001,2,P0006
ORD-000118,20-12-2023,21-12-2023,26-12-2023,Germany, Stationery,2876,260,350,1006600,70462,936138,747760,188378,2,PR001,1,P0006
ORD-000119,21-12-2023,22-12-2023,24-12-2023,Mexico, Stationery,994,260,125,124250,8697.5,115552.5,119280,"-3,727.50",4,PR003,2,P0006
ORD-000119,22-12-2023,23-12-2023,30-12-2023,Germany, Stationery,1118,260,20,22360,1565.2,20794.8,11180,9614.8,2,PR001,4,P0006
ORD-000119,23-12-2023,24-12-2023,29-12-2023,Germany, Stationery,1372,260,300,411600,28812,382788,343000,39788,2,PR002,1,P0006
ORD-000120,24-12-2023,25-12-2023,27-12-2023,Mexico, Mens Fashion ,488,5,7,3416,273.28,3142.72,2440,702.72,4,PR004,2,P0002
ORD-000120,25-12-2023,26-12-2023,31-12-2023,Mexico, Mens Fashion ,1282,5,20,25640,2051.2,23588.8,12820,10768.8,4,PR002,1,P0002
ORD-000120,26-12-2023,27-12-2023,28-12-2023,Mexico, Womens Fashion ,257,10,7,1799,143.92,1655.08,1285,370.08,4,PR004,3,P0003
ORD-000121,27-12-2023,28-12-2023,30-12-2023,Brazil, Stationery,1282,260,20,25640,2051.2,23588.8,12820,10768.8,1,PR001,2,P0006
ORD-000121,28-12-2023,29-12-2023,05-01-2024,India, Electronics ,1540,3,125,192500,15400,177100,184800,"-7,700.00",3,PR002,4,P0001
ORD-000121,29-12-2023,30-12-2023,01-01-2024,Brazil, Electronics ,490,3,15,7350,588,6762,4900,1862,1,PR001,2,P0001
ORD-000122,30-12-2023,31-12-2023,05-01-2024,India, Electronics ,1362,3,350,476700,38136,438564,354120,84444,3,PR004,1,P0001
ORD-000122,31-12-2023,01-01-2024,06-01-2024,Brazil, Mens Fashion ,2501,5,15,37515,3001.2,34513.8,25010,9503.8,1,PR003,1,P0002
ORD-000122,01-01-2024,02-01-2024,04-01-2024,India, Mens Fashion ,708,5,20,14160,1132.8,13027.2,7080,5947.2,3,PR003,2,P0002
ORD-000123,02-01-2024,03-01-2024,10-01-2024,Brazil, Mens Fashion ,645,5,20,12900,1032,11868,6450,5418,1,PR002,4,P0002
ORD-000123,03-01-2024,04-01-2024,11-01-2024,Mexico, Mens Fashion ,1562,5,300,468600,37488,431112,390500,40612,4,PR001,4,P0002
ORD-000123,04-01-2024,05-01-2024,12-01-2024,Germany, Mens Fashion ,1283,5,300,384900,30792,354108,320750,33358,2,PR001,4,P0002
ORD-000124,05-01-2024,06-01-2024,11-01-2024,Brazil, Mens Fashion ,711,5,15,10665,853.2,9811.8,7110,2701.8,1,PR002,1,P0002
ORD-000124,06-01-2024,07-01-2024,09-01-2024,India, Womens Fashion ,1114,10,125,139250,11140,128110,133680,"-5,570.00",3,PR003,2,P0003
ORD-000124,07-01-2024,08-01-2024,09-01-2024,Mexico, Womens Fashion ,1259,10,7,8813,705.04,8107.96,6295,1812.96,4,PR004,3,P0003
ORD-000125,08-01-2024,09-01-2024,14-01-2024,Brazil, Womens Fashion ,1095,10,7,7665,613.2,7051.8,5475,1576.8,1,PR002,1,P0003
ORD-000125,09-01-2024,10-01-2024,17-01-2024,Brazil, Womens Fashion ,1366,10,20,27320,2185.6,25134.4,13660,11474.4,1,PR004,4,P0003
ORD-000125,10-01-2024,11-01-2024,13-01-2024,Mexico, Womens Fashion ,2460,10,300,738000,59040,678960,615000,63960,4,PR003,2,P0003
ORD-000126,11-01-2024,12-01-2024,19-01-2024,Brazil, Womens Fashion ,678,10,7,4746,379.68,4366.32,3390,976.32,1,PR001,4,P0003
ORD-000126,12-01-2024,13-01-2024,14-01-2024,Germany, Womens Fashion ,1598,10,7,11186,894.88,10291.12,7990,2301.12,2,PR003,3,P0003
ORD-000126,13-01-2024,14-01-2024,21-01-2024,Brazil, Womens Fashion ,2409,10,7,16863,1349.04,15513.96,12045,3468.96,1,PR002,4,P0003
ORD-000127,14-01-2024,15-01-2024,22-01-2024,Germany, Womens Fashion ,1934,10,20,38680,3094.4,35585.6,19340,16245.6,2,PR001,4,P0003
ORD-000127,15-01-2024,16-01-2024,17-01-2024,Germany, Womens Fashion ,2993,10,20,59860,4788.8,55071.2,29930,25141.2,2,PR002,3,P0003
ORD-000127,16-01-2024,17-01-2024,19-01-2024,Mexico, Womens Fashion ,2146,10,350,751100,60088,691012,557960,133052,4,PR002,2,P0003
ORD-000128,17-01-2024,18-01-2024,23-01-2024,Brazil, Womens Fashion ,1946,10,7,13622,1089.76,12532.24,9730,2802.24,1,PR003,1,P0003
ORD-000128,18-01-2024,19-01-2024,21-01-2024,Mexico, Womens Fashion ,1362,10,350,476700,38136,438564,354120,84444,4,PR002,2,P0003
ORD-000128,19-01-2024,20-01-2024,21-01-2024,Brazil, Team Sports ,598,120,12,7176,574.08,6601.92,1794,4807.92,1,PR003,3,P0004
ORD-000129,20-01-2024,21-01-2024,28-01-2024,Brazil, Team Sports ,2907,120,7,20349,1627.92,18721.08,14535,4186.08,1,PR001,4,P0004
ORD-000129,21-01-2024,22-01-2024,24-01-2024,India, Team Sports ,2338,120,7,16366,1309.28,15056.72,11690,3366.72,3,PR003,2,P0004
ORD-000129,22-01-2024,23-01-2024,28-01-2024,Brazil, Team Sports ,386,120,300,115800,9264,106536,96500,10036,1,PR001,1,P0004
ORD-000130,23-01-2024,24-01-2024,25-01-2024,Mexico, Team Sports ,635,120,300,190500,15240,175260,158750,16510,4,PR003,3,P0004
ORD-000130,24-01-2024,25-01-2024,27-01-2024,Germany, Footwears ,574.5,250,350,201075,16086,184989,149370,35619,2,PR004,2,P0005
ORD-000130,25-01-2024,26-01-2024,31-01-2024,Brazil, Footwears ,2338,250,7,16366,1309.28,15056.72,11690,3366.72,1,PR004,1,P0005
ORD-000131,26-01-2024,27-01-2024,28-01-2024,India, Footwears ,381,250,350,133350,10668,122682,99060,23622,3,PR002,3,P0005
ORD-000131,27-01-2024,28-01-2024,02-02-2024,Mexico, Footwears ,422,250,350,147700,11816,135884,109720,26164,4,PR003,1,P0005
ORD-000131,28-01-2024,29-01-2024,30-01-2024,Brazil, Footwears ,2134,250,300,640200,51216,588984,533500,55484,1,PR003,3,P0005
ORD-000132,29-01-2024,30-01-2024,06-02-2024,Mexico, Footwears ,808,250,300,242400,19392,223008,202000,21008,4,PR001,4,P0005
ORD-000132,30-01-2024,31-01-2024,02-02-2024,India, Stationery,708,260,20,14160,1132.8,13027.2,7080,5947.2,3,PR002,2,P0006
ORD-000132,31-01-2024,01-02-2024,11-02-2024,India, Stationery,2907,260,7,20349,1627.92,18721.08,14535,4186.08,3,PR003,1,P0006
ORD-000133,01-02-2024,02-02-2024,03-02-2024,Mexico, Stationery,1366,260,20,27320,2185.6,25134.4,13660,11474.4,4,PR002,3,P0006
ORD-000133,02-02-2024,03-02-2024,13-02-2024,Brazil, Stationery,2460,260,300,738000,59040,678960,615000,63960,1,PR004,1,P0006
ORD-000133,03-02-2024,04-02-2024,14-02-2024,Germany, Stationery,1520,260,20,30400,2432,27968,15200,12768,2,PR003,1,P0006
ORD-000134,04-02-2024,05-02-2024,07-02-2024,India, Stationery,711,260,15,10665,853.2,9811.8,7110,2701.8,3,PR003,2,P0006
ORD-000134,05-02-2024,06-02-2024,13-02-2024,Brazil, Stationery,1375,260,12,16500,1320,15180,4125,11055,1,PR002,4,P0006
ORD-000134,06-02-2024,07-02-2024,17-02-2024,Brazil, Stationery,635,260,300,190500,15240,175260,158750,16510,1,PR003,1,P0006
ORD-000135,07-02-2024,08-02-2024,09-02-2024,Germany, Footwears ,436.5,250,20,8730,698.4,8031.6,4365,3666.6,2,PR002,3,P0005
ORD-000135,08-02-2024,09-02-2024,10-02-2024,India, Electronics ,1094,3,300,328200,29538,298662,273500,25162,3,PR003,3,P0001
ORD-000135,09-02-2024,10-02-2024,17-02-2024,India, Electronics ,367,3,12,4404,396.36,4007.64,1101,2906.64,3,PR001,4,P0001
ORD-000136,10-02-2024,11-02-2024,12-02-2024,Brazil, Mens Fashion ,3802.5,5,300,1140750,102667.5,1038082.5,950625,87457.5,1,PR002,3,P0002
ORD-000136,11-02-2024,12-02-2024,19-02-2024,Brazil, Mens Fashion ,1666,5,350,583100,52479,530621,433160,97461,1,PR003,4,P0002
ORD-000136,12-02-2024,13-02-2024,14-02-2024,Germany, Mens Fashion ,322,5,300,96600,8694,87906,80500,7406,2,PR004,3,P0002
ORD-000137,13-02-2024,14-02-2024,16-02-2024,Germany, Mens Fashion ,2321,5,12,27852,2506.68,25345.32,6963,18382.32,2,PR003,2,P0002
ORD-000137,14-02-2024,15-02-2024,20-02-2024,India, Mens Fashion ,1857,5,125,232125,20891.25,211233.75,222840,"-11,606.25",3,PR004,1,P0002
ORD-000137,15-02-2024,16-02-2024,18-02-2024,Mexico, Mens Fashion ,1611,5,7,11277,1014.93,10262.07,8055,2207.07,4,PR004,2,P0002
ORD-000138,16-02-2024,17-02-2024,22-02-2024,India, Mens Fashion ,2797,5,125,349625,31466.25,318158.75,335640,"-17,481.25",3,PR001,1,P0002
ORD-000138,17-02-2024,18-02-2024,23-02-2024,Brazil, Mens Fashion ,334,5,300,100200,9018,91182,83500,7682,1,PR002,1,P0002
ORD-000138,18-02-2024,19-02-2024,24-02-2024,India, Womens Fashion ,2565,10,300,769500,69255,700245,641250,58995,3,PR003,1,P0003
ORD-000139,19-02-2024,20-02-2024,22-02-2024,Mexico, Womens Fashion ,2417,10,350,845950,76135.5,769814.5,628420,141394.5,4,PR001,2,P0003
ORD-000139,20-02-2024,21-02-2024,26-02-2024,Germany, Womens Fashion ,3675,10,15,55125,4961.25,50163.75,36750,13413.75,2,PR003,1,P0003
ORD-000139,21-02-2024,22-02-2024,24-02-2024,Mexico, Womens Fashion ,1094,10,300,328200,29538,298662,273500,25162,4,PR004,2,P0003
ORD-000140,22-02-2024,23-02-2024,01-03-2024,Mexico, Womens Fashion ,1227,10,15,18405,1656.45,16748.55,12270,4478.55,4,PR002,4,P0003
ORD-000140,23-02-2024,24-02-2024,25-02-2024,Mexico, Womens Fashion ,367,10,12,4404,396.36,4007.64,1101,2906.64,4,PR003,3,P0003
ORD-000140,24-02-2024,25-02-2024,26-02-2024,Germany, Womens Fashion ,1324,10,300,397200,35748,361452,331000,30452,2,PR003,3,P0003
ORD-000141,25-02-2024,26-02-2024,02-03-2024,Mexico, Womens Fashion ,1775,10,12,21300,1917,19383,5325,14058,4,PR004,1,P0003
ORD-000141,26-02-2024,27-02-2024,29-02-2024,Mexico, Womens Fashion ,2797,10,125,349625,31466.25,318158.75,335640,"-17,481.25",4,PR003,2,P0003
ORD-000141,27-02-2024,28-02-2024,29-02-2024,Mexico, Team Sports ,245,120,15,3675,330.75,3344.25,2450,894.25,4,PR003,3,P0004
ORD-000142,28-02-2024,29-02-2024,02-03-2024,Brazil, Team Sports ,3793.5,120,300,1138050,102424.5,1035625.5,948375,87250.5,1,PR004,2,P0004
ORD-000142,29-02-2024,01-03-2024,03-03-2024,Mexico, Team Sports ,1307,120,350,457450,41170.5,416279.5,339820,76459.5,4,PR001,2,P0004
ORD-000142,01-03-2024,02-03-2024,07-03-2024,Germany, Team Sports ,567,120,125,70875,6378.75,64496.25,68040,"-3,543.75",2,PR004,1,P0004
ORD-000143,02-03-2024,03-03-2024,04-03-2024,Mexico, Team Sports ,2110,120,125,263750,23737.5,240012.5,253200,"-13,187.50",4,PR001,3,P0004
ORD-000143,03-03-2024,04-03-2024,09-03-2024,Mexico, Team Sports ,1269,120,350,444150,39973.5,404176.5,329940,74236.5,4,PR002,1,P0004
ORD-000143,04-03-2024,05-03-2024,10-03-2024,Germany, Footwears ,1956,250,12,23472,2112.48,21359.52,5868,15491.52,2,PR001,1,P0005
ORD-000144,05-03-2024,06-03-2024,07-03-2024,Mexico, Footwears ,2659,250,300,797700,71793,725907,664750,61157,4,PR001,3,P0005
ORD-000144,06-03-2024,07-03-2024,08-03-2024,Germany, Footwears ,1351.5,250,350,473025,42572.25,430452.75,351390,79062.75,2,PR002,3,P0005
ORD-000144,07-03-2024,08-03-2024,15-03-2024,Mexico, Footwears ,880,250,12,10560,950.4,9609.6,2640,6969.6,4,PR001,4,P0005
ORD-000145,08-03-2024,09-03-2024,16-03-2024,Germany, Footwears ,1867,250,300,560100,50409,509691,466750,42941,2,PR004,4,P0005
ORD-000145,09-03-2024,10-03-2024,12-03-2024,Mexico, Footwears ,2234,250,12,26808,2412.72,24395.28,6702,17693.28,4,PR001,2,P0005
ORD-000145,10-03-2024,11-03-2024,12-03-2024,Mexico, Footwears ,1227,250,15,18405,1656.45,16748.55,12270,4478.55,4,PR002,3,P0005
ORD-000146,11-03-2024,12-03-2024,19-03-2024,Brazil, Footwears ,877,250,125,109625,9866.25,99758.75,105240,"-5,481.25",1,PR004,4,P0005
ORD-000146,12-03-2024,13-03-2024,15-03-2024,Brazil, Stationery,2071,260,350,724850,65236.5,659613.5,538460,121153.5,1,PR002,2,P0006
ORD-000146,13-03-2024,14-03-2024,16-03-2024,Mexico, Stationery,1269,260,350,444150,39973.5,404176.5,329940,74236.5,4,PR002,2,P0006
ORD-000147,14-03-2024,15-03-2024,17-03-2024,Mexico, Stationery,970,260,15,14550,1309.5,13240.5,9700,3540.5,4,PR003,2,P0006
ORD-000147,15-03-2024,16-03-2024,23-03-2024,India, Stationery,1694,260,20,33880,3049.2,30830.8,16940,13890.8,3,PR003,4,P0006
ORD-000147,16-03-2024,17-03-2024,18-03-2024,Germany, Electronics ,663,3,20,13260,1193.4,12066.6,6630,5436.6,2,PR002,3,P0001
ORD-000148,17-03-2024,18-03-2024,23-03-2024,India, Electronics ,819,3,7,5733,515.97,5217.03,4095,1122.03,3,PR002,1,P0001
ORD-000148,18-03-2024,19-03-2024,21-03-2024,Brazil, Electronics ,1580,3,12,18960,1706.4,17253.6,4740,12513.6,1,PR002,2,P0001
ORD-000148,19-03-2024,20-03-2024,27-03-2024,Brazil, Electronics ,521,3,7,3647,328.23,3318.77,2605,713.77,1,PR003,4,P0001
ORD-000149,20-03-2024,21-03-2024,28-03-2024,Brazil, Womens Fashion ,973,10,20,19460,1751.4,17708.6,9730,7978.6,1,PR003,4,P0003
ORD-000149,21-03-2024,22-03-2024,27-03-2024,Brazil, Womens Fashion ,1038,10,20,20760,1868.4,18891.6,10380,8511.6,1,PR001,1,P0003
ORD-000149,22-03-2024,23-03-2024,28-03-2024,Mexico, Womens Fashion ,360,10,7,2520,226.8,2293.2,1800,493.2,4,PR001,1,P0003
ORD-000150,23-03-2024,24-03-2024,31-03-2024,Brazil, Team Sports ,1967,120,12,23604,2124.36,21479.64,5901,15578.64,1,PR002,4,P0004
ORD-000150,24-03-2024,25-03-2024,26-03-2024,Mexico, Team Sports ,2628,120,15,39420,3547.8,35872.2,26280,9592.2,4,PR004,3,P0004
ORD-000150,25-03-2024,26-03-2024,31-03-2024,Mexico, Footwears ,360,250,7,2520,226.8,2293.2,1800,493.2,4,PR004,1,P0005
ORD-000151,26-03-2024,27-03-2024,03-04-2024,Brazil, Footwears ,2682,250,20,53640,4827.6,48812.4,26820,21992.4,1,PR003,4,P0005
ORD-000151,27-03-2024,28-03-2024,02-04-2024,Brazil, Footwears ,521,250,7,3647,328.23,3318.77,2605,713.77,1,PR003,1,P0005
ORD-000151,28-03-2024,29-03-2024,30-03-2024,Germany, Stationery,1038,260,20,20760,1868.4,18891.6,10380,8511.6,2,PR003,3,P0006
ORD-000152,29-03-2024,30-03-2024,01-04-2024,India, Stationery,1630.5,260,15,24457.5,2201.18,22256.33,16305,5951.33,3,PR002,2,P0006
ORD-000152,30-03-2024,31-03-2024,05-04-2024,Brazil, Stationery,306,260,12,3672,330.48,3341.52,918,2423.52,1,PR004,1,P0006
ORD-000152,31-03-2024,01-04-2024,02-04-2024,Germany, Electronics ,386,3,12,4632,463.2,4168.8,1158,3010.8,2,PR001,3,P0001
ORD-000153,01-04-2024,02-04-2024,09-04-2024,Germany, Mens Fashion ,2328,5,7,16296,1629.6,14666.4,11640,3026.4,2,PR002,4,P0002
ORD-000153,02-04-2024,03-04-2024,08-04-2024,India, Womens Fashion ,386,10,12,4632,463.2,4168.8,1158,3010.8,3,PR001,1,P0003
ORD-000153,03-04-2024,04-04-2024,09-04-2024,Mexico, Electronics ,3445.5,3,125,430687.5,43068.75,387618.75,413460,"-25,841.25",4,PR001,1,P0001
ORD-000154,04-04-2024,05-04-2024,12-04-2024,Brazil, Electronics ,1482,3,125,185250,18525,166725,177840,"-11,115.00",1,PR002,4,P0001
ORD-000154,05-04-2024,06-04-2024,08-04-2024,India, Mens Fashion ,2313,5,350,809550,80955,728595,601380,127215,3,PR001,2,P0002
ORD-000154,06-04-2024,07-04-2024,14-04-2024,Brazil, Mens Fashion ,1804,5,125,225500,22550,202950,216480,"-13,530.00",1,PR004,4,P0002
ORD-000155,07-04-2024,08-04-2024,13-04-2024,Germany, Mens Fashion ,2072,5,15,31080,3108,27972,20720,7252,2,PR001,1,P0002
ORD-000155,08-04-2024,09-04-2024,16-04-2024,Germany, Womens Fashion ,1954,10,20,39080,3908,35172,19540,15632,2,PR004,4,P0003
ORD-000155,09-04-2024,10-04-2024,11-04-2024,Mexico, Womens Fashion ,591,10,300,177300,17730,159570,147750,11820,4,PR004,3,P0003
ORD-000156,10-04-2024,11-04-2024,18-04-2024,Germany, Womens Fashion ,2167,10,15,32505,3250.5,29254.5,21670,7584.5,2,PR004,4,P0003
ORD-000156,11-04-2024,12-04-2024,17-04-2024,Germany, Womens Fashion ,241,10,20,4820,482,4338,2410,1928,2,PR003,1,P0003
ORD-000156,12-04-2024,13-04-2024,20-04-2024,India, Team Sports ,681,120,15,10215,1021.5,9193.5,6810,2383.5,3,PR001,4,P0004
ORD-000157,13-04-2024,14-04-2024,16-04-2024,Brazil, Team Sports ,510,120,15,7650,765,6885,5100,1785,1,PR002,2,P0004
ORD-000157,14-04-2024,15-04-2024,22-04-2024,Brazil, Team Sports ,790,120,15,11850,1185,10665,7900,2765,1,PR002,4,P0004
ORD-000157,15-04-2024,16-04-2024,18-04-2024,India, Team Sports ,639,120,350,223650,22365,201285,166140,35145,3,PR001,2,P0004
ORD-000158,16-04-2024,17-04-2024,18-04-2024,Mexico, Team Sports ,1596,120,125,199500,19950,179550,191520,"-11,970.00",4,PR003,3,P0004
ORD-000158,17-04-2024,18-04-2024,20-04-2024,Brazil, Team Sports ,2294,120,300,688200,68820,619380,573500,45880,1,PR003,2,P0004
ORD-000158,18-04-2024,19-04-2024,26-04-2024,Germany, Team Sports ,241,120,20,4820,482,4338,2410,1928,2,PR004,4,P0004
ORD-000159,19-04-2024,20-04-2024,25-04-2024,Brazil, Team Sports ,2665,120,7,18655,1865.5,16789.5,13325,3464.5,1,PR001,1,P0004
ORD-000159,20-04-2024,21-04-2024,23-04-2024,Germany, Team Sports ,1916,120,125,239500,23950,215550,229920,"-14,370.00",2,PR001,2,P0004
ORD-000159,21-04-2024,22-04-2024,23-04-2024,Mexico, Team Sports ,853,120,300,255900,25590,230310,213250,17060,4,PR002,3,P0004
ORD-000160,22-04-2024,23-04-2024,25-04-2024,India, Footwears ,341,250,125,42625,4262.5,38362.5,40920,"-2,557.50",3,PR001,2,P0005
ORD-000160,23-04-2024,24-04-2024,26-04-2024,Brazil, Footwears ,641,250,15,9615,961.5,8653.5,6410,2243.5,1,PR003,2,P0005
ORD-000160,24-04-2024,25-04-2024,27-04-2024,India, Footwears ,2807,250,350,982450,98245,884205,729820,154385,3,PR001,2,P0005
ORD-000161,25-04-2024,26-04-2024,27-04-2024,Brazil, Footwears ,432,250,300,129600,12960,116640,108000,8640,1,PR002,3,P0005
ORD-000161,26-04-2024,27-04-2024,04-05-2024,Germany, Footwears ,2294,250,300,688200,68820,619380,573500,45880,2,PR004,4,P0005
ORD-000161,27-04-2024,28-04-2024,30-04-2024,India, Footwears ,2167,250,15,32505,3250.5,29254.5,21670,7584.5,3,PR002,2,P0005
ORD-000162,28-04-2024,29-04-2024,01-05-2024,Brazil, Footwears ,2529,250,125,316125,31612.5,284512.5,303480,"-18,967.50",1,PR002,2,P0005
ORD-000162,29-04-2024,30-04-2024,05-05-2024,Germany, Footwears ,1870,250,350,654500,65450,589050,486200,102850,2,PR004,1,P0005
ORD-000162,30-04-2024,01-05-2024,02-05-2024,India, Stationery,579,260,125,72375,7237.5,65137.5,69480,"-4,342.50",3,PR002,3,P0006
ORD-000163,01-05-2024,02-05-2024,04-05-2024,India, Stationery,2240,260,350,784000,78400,705600,582400,123200,3,PR002,2,P0006
ORD-000163,02-05-2024,03-05-2024,04-05-2024,Brazil, Stationery,2993,260,300,897900,89790,808110,748250,59860,1,PR001,3,P0006
ORD-000163,03-05-2024,04-05-2024,06-05-2024,Brazil, Stationery,3520.5,260,12,42246,4224.6,38021.4,10561.5,27459.9,1,PR001,2,P0006
ORD-000164,04-05-2024,05-05-2024,12-05-2024,Brazil, Stationery,2039,260,20,40780,4078,36702,20390,16312,1,PR004,4,P0006
ORD-000164,05-05-2024,06-05-2024,13-05-2024,Germany, Stationery,2574,260,12,30888,3088.8,27799.2,7722,20077.2,2,PR001,4,P0006
ORD-000164,06-05-2024,07-05-2024,09-05-2024,Brazil, Stationery,707,260,350,247450,24745,222705,183820,38885,1,PR001,2,P0006
ORD-000165,07-05-2024,08-05-2024,15-05-2024,India, Stationery,2072,260,15,31080,3108,27972,20720,7252,3,PR002,4,P0006
ORD-000165,08-05-2024,09-05-2024,11-05-2024,India, Stationery,853,260,300,255900,25590,230310,213250,17060,3,PR003,2,P0006
ORD-000165,09-05-2024,10-05-2024,17-05-2024,Brazil, Electronics ,1198,3,12,14376,1581.36,12794.64,3594,9200.64,1,PR001,4,P0001
ORD-000166,10-05-2024,11-05-2024,16-05-2024,Brazil, Womens Fashion ,2532,10,7,17724,1949.64,15774.36,12660,3114.36,1,PR003,1,P0003
ORD-000166,11-05-2024,12-05-2024,17-05-2024,Mexico, Womens Fashion ,1198,10,12,14376,1581.36,12794.64,3594,9200.64,4,PR001,1,P0003
ORD-000166,12-05-2024,13-05-2024,18-05-2024,India, Team Sports ,384,120,15,5760,633.6,5126.4,3840,1286.4,3,PR001,1,P0004
ORD-000167,13-05-2024,14-05-2024,15-05-2024,Germany, Team Sports ,472,120,12,5664,623.04,5040.96,1416,3624.96,2,PR004,3,P0004
ORD-000167,14-05-2024,15-05-2024,16-05-2024,Mexico, Footwears ,1579,250,7,11053,1215.83,9837.17,7895,1942.17,4,PR004,3,P0005
ORD-000167,15-05-2024,16-05-2024,21-05-2024,Brazil, Footwears ,1005,250,12,12060,1326.6,10733.4,3015,7718.4,1,PR004,1,P0005
ORD-000168,16-05-2024,17-05-2024,18-05-2024,Brazil, Stationery,3199.5,260,15,47992.5,5279.18,42713.33,31995,10718.33,1,PR003,3,P0006
ORD-000168,17-05-2024,18-05-2024,25-05-2024,India, Stationery,472,260,12,5664,623.04,5040.96,1416,3624.96,3,PR002,4,P0006
ORD-000168,18-05-2024,19-05-2024,21-05-2024,Brazil, Electronics ,1937,3,12,23244,2556.84,20687.16,5811,14876.16,1,PR001,2,P0001
ORD-000169,19-05-2024,20-05-2024,22-05-2024,Germany, Electronics ,792,3,350,277200,30492,246708,205920,40788,2,PR001,2,P0001
ORD-000169,20-05-2024,21-05-2024,23-05-2024,India, Electronics ,2811,3,300,843300,92763,750537,702750,47787,3,PR001,2,P0001
ORD-000169,21-05-2024,22-05-2024,27-05-2024,Brazil, Electronics ,2441,3,125,305125,33563.75,271561.25,292920,"-21,358.75",1,PR003,1,P0001
ORD-000170,22-05-2024,23-05-2024,24-05-2024,India, Electronics ,1560,3,15,23400,2574,20826,15600,5226,3,PR004,3,P0001
ORD-000170,23-05-2024,24-05-2024,31-05-2024,Brazil, Electronics ,2706,3,7,18942,2083.62,16858.38,13530,3328.38,1,PR002,4,P0001
ORD-000170,24-05-2024,25-05-2024,01-06-2024,Brazil, Mens Fashion ,766,5,350,268100,29491,238609,199160,39449,1,PR003,4,P0002
ORD-000171,25-05-2024,26-05-2024,31-05-2024,Brazil, Mens Fashion ,2992,5,20,59840,6582.4,53257.6,29920,23337.6,1,PR004,1,P0002
ORD-000171,26-05-2024,27-05-2024,03-06-2024,Germany, Mens Fashion ,2157,5,15,32355,3559.05,28795.95,21570,7225.95,2,PR003,4,P0002
ORD-000171,27-05-2024,28-05-2024,04-06-2024,Germany, Womens Fashion ,873,10,300,261900,28809,233091,218250,14841,2,PR002,4,P0003
ORD-000172,28-05-2024,29-05-2024,08-06-2024,India, Womens Fashion ,1122,10,20,22440,2468.4,19971.6,11220,8751.6,3,PR004,4,P0003
ORD-000172,29-05-2024,30-05-2024,09-06-2024,Brazil, Womens Fashion ,2104.5,10,350,736575,81023.25,655551.75,547170,108381.75,1,PR003,4,P0003
ORD-000172,30-05-2024,31-05-2024,01-06-2024,Brazil, Womens Fashion ,4026,10,12,48312,5314.32,42997.68,12078,30919.68,1,PR002,3,P0003
ORD-000173,31-05-2024,01-06-2024,11-06-2024,Germany, Womens Fashion ,2425.5,10,12,29106,3201.66,25904.34,7276.5,18627.84,2,PR001,4,P0003
ORD-000173,01-06-2024,02-06-2024,04-06-2024,Brazil, Womens Fashion ,2394,10,20,47880,5266.8,42613.2,23940,18673.2,1,PR002,2,P0003
ORD-000173,02-06-2024,03-06-2024,08-06-2024,Germany, Womens Fashion ,1984,10,15,29760,3273.6,26486.4,19840,6646.4,2,PR001,1,P0003
ORD-000174,03-06-2024,04-06-2024,05-06-2024,Brazil, Womens Fashion ,2441,10,125,305125,33563.75,271561.25,292920,"-21,358.75",1,PR003,3,P0003
ORD-000174,04-06-2024,05-06-2024,12-06-2024,India, Womens Fashion ,2992,10,20,59840,6582.4,53257.6,29920,23337.6,3,PR004,4,P0003
ORD-000174,05-06-2024,06-06-2024,07-06-2024,Brazil, Womens Fashion ,1366,10,300,409800,45078,364722,341500,23222,1,PR004,3,P0003
ORD-000175,06-06-2024,07-06-2024,14-06-2024,Brazil, Team Sports ,2805,120,20,56100,6171,49929,28050,21879,1,PR003,4,P0004
ORD-000175,07-06-2024,08-06-2024,10-06-2024,Mexico, Team Sports ,655,120,15,9825,1080.75,8744.25,6550,2194.25,4,PR004,2,P0004
ORD-000175,08-06-2024,09-06-2024,14-06-2024,Germany, Team Sports ,344,120,350,120400,13244,107156,89440,17716,2,PR004,1,P0004
ORD-000176,09-06-2024,10-06-2024,17-06-2024,Brazil, Team Sports ,1808,120,7,12656,1392.16,11263.84,9040,2223.84,1,PR001,4,P0004
ORD-000176,10-06-2024,11-06-2024,18-06-2024,Brazil, Footwears ,1734,250,12,20808,2288.88,18519.12,5202,13317.12,1,PR003,4,P0005
ORD-000176,11-06-2024,12-06-2024,19-06-2024,Mexico, Footwears ,554,250,125,69250,7617.5,61632.5,66480,"-4,847.50",4,PR002,4,P0005
ORD-000177,12-06-2024,13-06-2024,20-06-2024,Mexico, Footwears ,2935,250,20,58700,6457,52243,29350,22893,4,PR001,4,P0005
ORD-000177,13-06-2024,14-06-2024,19-06-2024,Germany, Stationery,3165,260,125,395625,43518.75,352106.25,379800,"-27,693.75",2,PR003,1,P0006
ORD-000177,14-06-2024,15-06-2024,20-06-2024,Mexico, Stationery,2629,260,20,52580,5783.8,46796.2,26290,20506.2,4,PR001,1,P0006
ORD-000178,15-06-2024,16-06-2024,18-06-2024,India, Stationery,1433,260,125,179125,19703.75,159421.25,171960,"-12,538.75",3,PR002,2,P0006
ORD-000178,16-06-2024,17-06-2024,22-06-2024,Mexico, Stationery,947,260,125,118375,13021.25,105353.75,113640,"-8,286.25",4,PR002,1,P0006
ORD-000178,17-06-2024,18-06-2024,25-06-2024,India, Stationery,344,260,350,120400,13244,107156,89440,17716,3,PR003,4,P0006
ORD-000179,18-06-2024,19-06-2024,21-06-2024,Germany, Stationery,2157,260,15,32355,3559.05,28795.95,21570,7225.95,2,PR002,2,P0006
ORD-000179,19-06-2024,20-06-2024,22-06-2024,Germany, Womens Fashion ,380,10,7,2660,292.6,2367.4,1900,467.4,2,PR001,2,P0003
ORD-000179,20-06-2024,21-06-2024,23-06-2024,Germany, Electronics ,886,3,350,310100,37212,272888,230360,42528,2,PR002,2,P0001
ORD-000180,21-06-2024,22-06-2024,29-06-2024,Germany, Electronics ,2416,3,125,302000,36240,265760,289920,"-24,160.00",2,PR001,4,P0001
ORD-000180,22-06-2024,23-06-2024,24-06-2024,Germany, Electronics ,2156,3,125,269500,32340,237160,258720,"-21,560.00",2,PR001,3,P0001
ORD-000180,23-06-2024,24-06-2024,01-07-2024,India, Electronics ,2689,3,15,40335,4840.2,35494.8,26890,8604.8,3,PR002,4,P0001
ORD-000181,24-06-2024,25-06-2024,30-06-2024,India, Mens Fashion ,677,5,15,10155,1218.6,8936.4,6770,2166.4,3,PR003,1,P0002
ORD-000181,25-06-2024,26-06-2024,01-07-2024,Germany, Mens Fashion ,1773,5,300,531900,63828,468072,443250,24822,2,PR004,1,P0002
ORD-000181,26-06-2024,27-06-2024,04-07-2024,Mexico, Mens Fashion ,2420,5,7,16940,2032.8,14907.2,12100,2807.2,4,PR002,4,P0002
ORD-000182,27-06-2024,28-06-2024,05-07-2024,Brazil, Mens Fashion ,2734,5,7,19138,2296.56,16841.44,13670,3171.44,1,PR001,4,P0002
ORD-000182,28-06-2024,29-06-2024,07-07-2024,Germany, Mens Fashion ,1715,5,20,34300,4116,30184,17150,13034,2,PR001,2,P0002
ORD-000182,29-06-2024,30-06-2024,07-07-2024,Mexico, Mens Fashion ,1186,5,300,355800,42696,313104,296500,16604,4,PR002,4,P0002
ORD-000183,30-06-2024,01-07-2024,09-07-2024,Brazil, Womens Fashion ,3495,10,300,1048500,125820,922680,873750,48930,1,PR003,2,P0003
ORD-000183,01-07-2024,02-07-2024,07-07-2024,Germany, Womens Fashion ,886,10,350,310100,37212,272888,230360,42528,2,PR003,1,P0003
ORD-000183,02-07-2024,03-07-2024,11-07-2024,Germany, Womens Fashion ,2156,10,125,269500,32340,237160,258720,"-21,560.00",2,PR001,2,P0003
ORD-000184,03-07-2024,04-07-2024,11-07-2024,India, Womens Fashion ,905,10,20,18100,2172,15928,9050,6878,3,PR001,4,P0003
ORD-000184,04-07-2024,05-07-2024,10-07-2024,Brazil, Womens Fashion ,1715,10,20,34300,4116,30184,17150,13034,1,PR003,1,P0003
ORD-000184,05-07-2024,06-07-2024,07-07-2024,Brazil, Womens Fashion ,1594,10,350,557900,66948,490952,414440,76512,1,PR004,3,P0003
ORD-000185,06-07-2024,07-07-2024,09-07-2024,Mexico, Womens Fashion ,1359,10,300,407700,48924,358776,339750,19026,4,PR002,2,P0003
ORD-000185,07-07-2024,08-07-2024,12-07-2024,India, Womens Fashion ,2150,10,300,645000,77400,567600,537500,30100,3,PR001,1,P0003
ORD-000185,08-07-2024,09-07-2024,11-07-2024,India, Womens Fashion ,1197,10,350,418950,50274,368676,311220,57456,3,PR001,2,P0003
ORD-000186,09-07-2024,10-07-2024,15-07-2024,India, Womens Fashion ,380,10,15,5700,684,5016,3800,1216,3,PR003,1,P0003
ORD-000186,10-07-2024,11-07-2024,16-07-2024,India, Womens Fashion ,1233,10,20,24660,2959.2,21700.8,12330,9370.8,3,PR002,1,P0003
ORD-000186,11-07-2024,12-07-2024,14-07-2024,Brazil, Team Sports ,1395,120,350,488250,58590,429660,362700,66960,1,PR003,2,P0004
ORD-000187,12-07-2024,13-07-2024,14-07-2024,Brazil, Team Sports ,986,120,350,345100,41412,303688,256360,47328,1,PR002,3,P0004
ORD-000187,13-07-2024,14-07-2024,19-07-2024,Germany, Team Sports ,905,120,20,18100,2172,15928,9050,6878,2,PR002,1,P0004
ORD-000187,14-07-2024,15-07-2024,20-07-2024,Germany, Footwears ,2109,250,12,25308,3036.96,22271.04,6327,15944.04,2,PR002,1,P0005
ORD-000188,15-07-2024,16-07-2024,21-07-2024,India, Footwears ,3874.5,250,15,58117.5,6974.1,51143.4,38745,12398.4,3,PR001,1,P0005
ORD-000188,16-07-2024,17-07-2024,18-07-2024,India, Footwears ,623,250,350,218050,26166,191884,161980,29904,3,PR004,3,P0005
ORD-000188,17-07-2024,18-07-2024,19-07-2024,India, Footwears ,986,250,350,345100,41412,303688,256360,47328,3,PR003,3,P0005
ORD-000189,18-07-2024,19-07-2024,26-07-2024,Germany, Footwears ,2387,250,125,298375,35805,262570,286440,"-23,870.00",2,PR004,4,P0005
ORD-000189,19-07-2024,20-07-2024,22-07-2024,Mexico, Footwears ,1233,250,20,24660,2959.2,21700.8,12330,9370.8,4,PR003,2,P0005
ORD-000189,20-07-2024,21-07-2024,22-07-2024,Mexico, Stationery,270,260,350,94500,11340,83160,70200,12960,4,PR002,3,P0006
ORD-000190,21-07-2024,22-07-2024,24-07-2024,Germany, Stationery,3421.5,260,7,23950.5,2874.06,21076.44,17107.5,3968.94,2,PR001,2,P0006
ORD-000190,22-07-2024,23-07-2024,30-07-2024,Germany, Stationery,2734,260,7,19138,2296.56,16841.44,13670,3171.44,2,PR004,4,P0006
ORD-000190,23-07-2024,24-07-2024,26-07-2024,Germany, Stationery,2548,260,15,38220,4586.4,33633.6,25480,8153.6,2,PR001,2,P0006
ORD-000191,24-07-2024,25-07-2024,26-07-2024,Germany, Electronics ,2521.5,3,20,50430,6051.6,44378.4,25215,19163.4,2,PR003,3,P0001
ORD-000191,25-07-2024,26-07-2024,28-07-2024,Germany, Mens Fashion ,2661,5,12,31932,3831.84,28100.16,7983,20117.16,2,PR001,2,P0002
ORD-000191,26-07-2024,27-07-2024,28-07-2024,Germany, Womens Fashion ,1531,10,20,30620,3674.4,26945.6,15310,11635.6,2,PR001,3,P0003
ORD-000192,27-07-2024,28-07-2024,30-07-2024,India, Footwears ,1491,250,7,10437,1252.44,9184.56,7455,1729.56,3,PR004,2,P0005
ORD-000192,28-07-2024,29-07-2024,30-07-2024,India, Footwears ,1531,250,20,30620,3674.4,26945.6,15310,11635.6,3,PR002,3,P0005
ORD-000192,29-07-2024,30-07-2024,31-07-2024,India, Stationery,2761,260,12,33132,3975.84,29156.16,8283,20873.16,3,PR001,3,P0006
ORD-000193,30-07-2024,31-07-2024,02-08-2024,India, Electronics ,2567,3,15,38505,5005.65,33499.35,25670,7829.35,3,PR002,2,P0001
ORD-000193,31-07-2024,01-08-2024,08-08-2024,Germany, Footwears ,2567,250,15,38505,5005.65,33499.35,25670,7829.35,2,PR003,4,P0005
ORD-000193,01-08-2024,02-08-2024,07-08-2024,Mexico, Electronics ,923,3,350,323050,41996.5,281053.5,239980,41073.5,4,PR001,1,P0001
ORD-000194,02-08-2024,03-08-2024,10-08-2024,Brazil, Electronics ,1790,3,350,626500,81445,545055,465400,79655,1,PR004,4,P0001
ORD-000194,03-08-2024,04-08-2024,06-08-2024,Germany, Electronics ,442,3,20,8840,1149.2,7690.8,4420,3270.8,2,PR003,2,P0001
ORD-000194,04-08-2024,05-08-2024,12-08-2024,Brazil, Mens Fashion ,982.5,5,350,343875,44703.75,299171.25,255450,43721.25,1,PR003,4,P0002
ORD-000195,05-08-2024,06-08-2024,07-08-2024,Mexico, Mens Fashion ,1298,5,7,9086,1181.18,7904.82,6490,1414.82,4,PR004,3,P0002
ORD-000195,06-08-2024,07-08-2024,12-08-2024,India, Mens Fashion ,604,5,12,7248,942.24,6305.76,1812,4493.76,3,PR001,1,P0002
ORD-000195,07-08-2024,08-08-2024,10-08-2024,Mexico, Mens Fashion ,2255,5,20,45100,5863,39237,22550,16687,4,PR001,2,P0002
ORD-000196,08-08-2024,09-08-2024,11-08-2024,Germany, Mens Fashion ,1249,5,20,24980,3247.4,21732.6,12490,9242.6,2,PR003,2,P0002
ORD-000196,09-08-2024,10-08-2024,12-08-2024,India, Womens Fashion ,1438.5,10,7,10069.5,1309.04,8760.47,7192.5,1567.97,3,PR001,2,P0003
ORD-000196,10-08-2024,11-08-2024,16-08-2024,Germany, Womens Fashion ,807,10,300,242100,31473,210627,201750,8877,2,PR002,1,P0003
ORD-000197,11-08-2024,12-08-2024,13-08-2024,India, Womens Fashion ,2641,10,20,52820,6866.6,45953.4,26410,19543.4,3,PR004,3,P0003
ORD-000197,12-08-2024,13-08-2024,15-08-2024,Brazil, Womens Fashion ,2708,10,20,54160,7040.8,47119.2,27080,20039.2,1,PR002,2,P0003
ORD-000197,13-08-2024,14-08-2024,21-08-2024,Brazil, Womens Fashion ,2632,10,350,921200,119756,801444,684320,117124,1,PR001,4,P0003
ORD-000198,14-08-2024,15-08-2024,17-08-2024,Brazil, Womens Fashion ,1583,10,125,197875,25723.75,172151.25,189960,"-17,808.75",1,PR003,2,P0003
ORD-000198,15-08-2024,16-08-2024,18-08-2024,Mexico, Womens Fashion ,571,10,12,6852,890.76,5961.24,1713,4248.24,4,PR004,2,P0003
ORD-000198,16-08-2024,17-08-2024,19-08-2024,Germany, Womens Fashion ,2696,10,7,18872,2453.36,16418.64,13480,2938.64,2,PR001,2,P0003
ORD-000199,17-08-2024,18-08-2024,20-08-2024,Mexico, Womens Fashion ,1565,10,15,23475,3051.75,20423.25,15650,4773.25,4,PR001,2,P0003
ORD-000199,18-08-2024,19-08-2024,20-08-2024,Brazil, Womens Fashion ,1249,10,20,24980,3247.4,21732.6,12490,9242.6,1,PR003,3,P0003
ORD-000199,19-08-2024,20-08-2024,27-08-2024,Germany, Womens Fashion ,357,10,350,124950,16243.5,108706.5,92820,15886.5,2,PR003,4,P0003
ORD-000200,20-08-2024,21-08-2024,22-08-2024,Brazil, Womens Fashion ,1013,10,12,12156,1580.28,10575.72,3039,7536.72,1,PR002,3,P0003
ORD-000200,21-08-2024,22-08-2024,29-08-2024,Mexico, Team Sports ,3997.5,120,15,59962.5,7795.13,52167.38,39975,12192.38,4,PR004,4,P0004
ORD-000200,22-08-2024,23-08-2024,25-08-2024,Mexico, Team Sports ,2632,120,350,921200,119756,801444,684320,117124,4,PR004,2,P0004
ORD-000201,23-08-2024,24-08-2024,29-08-2024,Mexico, Team Sports ,1190,120,7,8330,1082.9,7247.1,5950,1297.1,4,PR003,1,P0004
ORD-000201,24-08-2024,25-08-2024,26-08-2024,Brazil, Team Sports ,604,120,12,7248,942.24,6305.76,1812,4493.76,1,PR002,3,P0004
ORD-000201,25-08-2024,26-08-2024,31-08-2024,Germany, Team Sports ,660,120,15,9900,1287,8613,6600,2021,2,PR004,1,P0004
ORD-000202,26-08-2024,27-08-2024,28-08-2024,Germany, Team Sports ,410,120,12,4920,639.6,4280.4,1230,3050.4,2,PR003,3,P0004
ORD-000202,27-08-2024,28-08-2024,30-08-2024,Brazil, Team Sports ,2605,120,300,781500,101595,679905,651250,28655,1,PR001,2,P0004
ORD-000202,28-08-2024,29-08-2024,30-08-2024,Germany, Team Sports ,1013,120,12,12156,1580.28,10575.72,3039,7536.72,2,PR004,3,P0004
ORD-000203,29-08-2024,30-08-2024,01-09-2024,Brazil, Footwears ,1583,250,125,197875,25723.75,172151.25,189960,"-17,808.75",1,PR002,2,P0005
ORD-000203,30-08-2024,31-08-2024,01-09-2024,Germany, Footwears ,1565,250,15,23475,3051.75,20423.25,15650,4773.25,2,PR002,3,P0005
ORD-000203,31-08-2024,01-09-2024,03-09-2024,India, Stationery,1659,260,125,207375,26958.75,180416.25,199080,"-18,663.75",3,PR002,2,P0006
ORD-000204,01-09-2024,02-09-2024,04-09-2024,India, Stationery,1190,260,7,8330,1082.9,7247.1,5950,1297.1,3,PR001,2,P0006
ORD-000204,02-09-2024,03-09-2024,10-09-2024,Mexico, Stationery,410,260,12,4920,639.6,4280.4,1230,3050.4,4,PR004,4,P0006
ORD-000204,03-09-2024,04-09-2024,06-09-2024,India, Stationery,1770,260,12,21240,2761.2,18478.8,5310,13168.8,3,PR004,2,P0006
ORD-000205,04-09-2024,05-09-2024,12-09-2024,India, Electronics ,2579,3,20,51580,7221.2,44358.8,25790,18568.8,3,PR001,4,P0001
ORD-000205,05-09-2024,06-09-2024,08-09-2024,India, Electronics ,1743,3,20,34860,4880.4,29979.6,17430,12549.6,3,PR004,2,P0001
ORD-000205,06-09-2024,07-09-2024,12-09-2024,Brazil, Electronics ,2996,3,7,20972,2936.08,18035.92,14980,3055.92,1,PR001,1,P0001
ORD-000206,07-09-2024,08-09-2024,10-09-2024,India, Electronics ,280,3,7,1960,274.4,1685.6,1400,285.6,3,PR001,2,P0001
ORD-000206,08-09-2024,09-09-2024,14-09-2024,India, Mens Fashion ,293,5,7,2051,287.14,1763.86,1465,298.86,3,PR001,1,P0002
ORD-000206,09-09-2024,10-09-2024,15-09-2024,Mexico, Mens Fashion ,2996,5,7,20972,2936.08,18035.92,14980,3055.92,4,PR002,1,P0002
ORD-000207,10-09-2024,11-09-2024,13-09-2024,India, Womens Fashion ,278,10,15,4170,583.8,3586.2,2780,806.2,3,PR004,2,P0003
ORD-000207,11-09-2024,12-09-2024,17-09-2024,India, Womens Fashion ,2428,10,20,48560,6798.4,41761.6,24280,17481.6,3,PR001,1,P0003
ORD-000207,12-09-2024,13-09-2024,20-09-2024,Germany, Womens Fashion ,1767,10,15,26505,3710.7,22794.3,17670,5124.3,2,PR004,4,P0003
ORD-000208,13-09-2024,14-09-2024,15-09-2024,Mexico, Womens Fashion ,1393,10,12,16716,2340.24,14375.76,4179,10196.76,4,PR002,3,P0003
ORD-000208,14-09-2024,15-09-2024,17-09-2024,Mexico, Footwears ,280,250,7,1960,274.4,1685.6,1400,285.6,4,PR001,2,P0005
ORD-000208,15-09-2024,16-09-2024,21-09-2024,Mexico, Stationery,1393,260,12,16716,2340.24,14375.76,4179,10196.76,4,PR003,1,P0006
ORD-000209,16-09-2024,17-09-2024,19-09-2024,Mexico, Stationery,2015,260,12,24180,3385.2,20794.8,6045,14749.8,4,PR002,2,P0006
ORD-000209,17-09-2024,18-09-2024,25-09-2024,Mexico, Electronics ,801,3,300,240300,33642,206658,200250,6408,4,PR003,4,P0001
ORD-000209,18-09-2024,19-09-2024,21-09-2024,Mexico, Electronics ,1023,3,125,127875,17902.5,109972.5,122760,"-12,787.50",4,PR004,2,P0001
ORD-000210,19-09-2024,20-09-2024,22-09-2024,Brazil, Electronics ,1496,3,300,448800,62832,385968,374000,11968,1,PR004,2,P0001
ORD-000210,20-09-2024,21-09-2024,26-09-2024,India, Electronics ,1010,3,300,303000,42420,260580,252500,8080,3,PR002,1,P0001
ORD-000210,21-09-2024,22-09-2024,29-09-2024,Mexico, Electronics ,1513,3,15,22695,3177.3,19517.7,15130,4387.7,4,PR004,4,P0001
ORD-000211,22-09-2024,23-09-2024,24-09-2024,India, Electronics ,2300,3,15,34500,4830,29670,23000,6670,3,PR003,3,P0001
ORD-000211,23-09-2024,24-09-2024,25-09-2024,India, Electronics ,2821,3,125,352625,49367.5,303257.5,338520,"-35,262.50",3,PR001,3,P0001
ORD-000211,24-09-2024,25-09-2024,30-09-2024,Brazil, Mens Fashion ,2227.5,5,350,779625,109147.5,670477.5,579150,91327.5,1,PR001,1,P0002
ORD-000212,25-09-2024,26-09-2024,28-09-2024,Mexico, Mens Fashion ,1199,5,350,419650,58751,360899,311740,49159,4,PR001,2,P0002
ORD-000212,26-09-2024,27-09-2024,02-10-2024,Germany, Mens Fashion ,200,5,350,70000,9800,60200,52000,8200,2,PR002,1,P0002
ORD-000212,27-09-2024,28-09-2024,03-10-2024,Brazil, Mens Fashion ,388,5,7,2716,380.24,2335.76,1940,395.76,1,PR004,1,P0002
ORD-000213,28-09-2024,29-09-2024,04-10-2024,Germany, Mens Fashion ,1727,5,7,12089,1692.46,10396.54,8635,1761.54,2,PR003,1,P0002
ORD-000213,29-09-2024,30-09-2024,02-10-2024,India, Mens Fashion ,2300,5,15,34500,4830,29670,23000,6670,3,PR004,2,P0002
ORD-000213,30-09-2024,01-10-2024,08-10-2024,India, Womens Fashion ,260,10,20,5200,728,4472,2600,1872,3,PR004,4,P0003
ORD-000214,01-10-2024,02-10-2024,07-10-2024,Brazil, Womens Fashion ,2470,10,15,37050,5187,31863,24700,7163,1,PR004,1,P0003
ORD-000214,02-10-2024,03-10-2024,05-10-2024,Brazil, Womens Fashion ,1743,10,15,26145,3660.3,22484.7,17430,5054.7,1,PR001,2,P0003
ORD-000214,03-10-2024,04-10-2024,11-10-2024,Germany, Womens Fashion ,2914,10,12,34968,4895.52,30072.48,8742,21330.48,2,PR003,4,P0003
ORD-000215,04-10-2024,05-10-2024,10-10-2024,Mexico, Womens Fashion ,1731,10,7,12117,1696.38,10420.62,8655,1765.62,4,PR003,1,P0003
ORD-000215,05-10-2024,06-10-2024,07-10-2024,Germany, Womens Fashion ,700,10,350,245000,34300,210700,182000,28700,2,PR004,3,P0003
ORD-000215,06-10-2024,07-10-2024,14-10-2024,Brazil, Womens Fashion ,2222,10,12,26664,3732.96,22931.04,6666,16265.04,1,PR001,4,P0003
ORD-000216,07-10-2024,08-10-2024,13-10-2024,Germany, Womens Fashion ,1177,10,350,411950,57673,354277,306020,48257,2,PR001,1,P0003
ORD-000216,08-10-2024,09-10-2024,16-10-2024,Brazil, Womens Fashion ,1922,10,350,672700,94178,578522,499720,78802,1,PR003,4,P0003
ORD-000216,09-10-2024,10-10-2024,17-10-2024,Germany, Team Sports ,1575,120,125,196875,27562.5,169312.5,189000,"-19,687.50",2,PR001,4,P0004
ORD-000217,10-10-2024,11-10-2024,18-10-2024,Brazil, Team Sports ,606,120,20,12120,1696.8,10423.2,6060,4363.2,1,PR001,4,P0004
ORD-000217,11-10-2024,12-10-2024,19-10-2024,Brazil, Team Sports ,2460,120,300,738000,103320,634680,615000,19680,1,PR001,4,P0004
ORD-000217,12-10-2024,13-10-2024,20-10-2024,Brazil, Team Sports ,269,120,300,80700,11298,69402,67250,2152,1,PR002,4,P0004
ORD-000218,13-10-2024,14-10-2024,21-10-2024,Mexico, Team Sports ,2536,120,300,760800,106512,654288,634000,20288,4,PR004,4,P0004
ORD-000218,14-10-2024,15-10-2024,20-10-2024,Germany, Footwears ,2903,250,7,20321,2844.94,17476.06,14515,2961.06,2,PR003,1,P0005
ORD-000218,15-10-2024,16-10-2024,17-10-2024,Germany, Footwears ,2541,250,300,762300,106722,655578,635250,20328,2,PR003,3,P0005
ORD-000219,16-10-2024,17-10-2024,19-10-2024,Germany, Footwears ,269,250,300,80700,11298,69402,67250,2152,2,PR002,2,P0005
ORD-000219,17-10-2024,18-10-2024,25-10-2024,Brazil, Footwears ,1496,250,300,448800,62832,385968,374000,11968,1,PR004,4,P0005
ORD-000219,18-10-2024,19-10-2024,21-10-2024,Germany, Footwears ,1010,250,300,303000,42420,260580,252500,8080,2,PR003,2,P0005
ORD-000220,19-10-2024,20-10-2024,25-10-2024,Germany, Footwears ,1281,250,350,448350,62769,385581,333060,52521,2,PR001,1,P0005
ORD-000220,20-10-2024,21-10-2024,28-10-2024,Brazil, Stationery,888,260,300,266400,37296,229104,222000,7104,1,PR003,4,P0006
ORD-000220,21-10-2024,22-10-2024,23-10-2024,India, Stationery,2844,260,125,355500,49770,305730,341280,"-35,550.00",3,PR001,3,P0006
ORD-000221,22-10-2024,23-10-2024,25-10-2024,Brazil, Stationery,2475,260,12,29700,4158,25542,7425,18117,1,PR002,2,P0006
ORD-000221,23-10-2024,24-10-2024,31-10-2024,Germany, Stationery,1743,260,15,26145,3660.3,22484.7,17430,5054.7,2,PR001,4,P0006
ORD-000221,24-10-2024,25-10-2024,30-10-2024,Brazil, Stationery,2914,260,12,34968,4895.52,30072.48,8742,21330.48,1,PR003,1,P0006
ORD-000222,25-10-2024,26-10-2024,27-10-2024,India, Stationery,1731,260,7,12117,1696.38,10420.62,8655,1765.62,3,PR003,3,P0006
ORD-000222,26-10-2024,27-10-2024,29-10-2024,Brazil, Stationery,1727,260,7,12089,1692.46,10396.54,8635,1761.54,1,PR003,2,P0006
ORD-000222,27-10-2024,28-10-2024,30-10-2024,Germany, Stationery,1870,260,15,28050,3927,24123,18700,5423,2,PR002,2,P0006
ORD-000223,28-10-2024,29-10-2024,05-11-2024,India, Electronics ,1174,3,125,146750,22012.5,124737.5,140880,"-16,142.50",3,PR002,4,P0001
ORD-000223,29-10-2024,30-10-2024,31-10-2024,Mexico, Electronics ,2767,3,125,345875,51881.25,293993.75,332040,"-38,046.25",4,PR004,3,P0001
ORD-000223,30-10-2024,31-10-2024,01-11-2024,Germany, Electronics ,1085,3,125,135625,20343.75,115281.25,130200,"-14,918.75",2,PR003,3,P0001
ORD-000224,31-10-2024,01-11-2024,02-11-2024,India, Mens Fashion ,546,5,300,163800,24570,139230,136500,2730,3,PR001,3,P0002
ORD-000224,01-11-2024,02-11-2024,03-11-2024,India, Womens Fashion ,1158,10,20,23160,3474,19686,11580,8106,3,PR002,3,P0003
ORD-000224,02-11-2024,03-11-2024,08-11-2024,Mexico, Womens Fashion ,1614,10,15,24210,3631.5,20578.5,16140,4438.5,4,PR003,1,P0003
ORD-000225,03-11-2024,04-11-2024,05-11-2024,Brazil, Womens Fashion ,2535,10,7,17745,2661.75,15083.25,12675,2408.25,1,PR003,3,P0003
ORD-000225,04-11-2024,05-11-2024,07-11-2024,Brazil, Womens Fashion ,2851,10,350,997850,149677.5,848172.5,741260,106912.5,1,PR002,2,P0003
ORD-000225,05-11-2024,06-11-2024,08-11-2024,Germany, Womens Fashion ,2559,10,15,38385,5757.75,32627.25,25590,7037.25,2,PR004,2,P0003
ORD-000226,06-11-2024,07-11-2024,12-11-2024,Mexico, Womens Fashion ,267,10,20,5340,801,4539,2670,1869,4,PR002,1,P0003
ORD-000226,07-11-2024,08-11-2024,10-11-2024,Brazil, Womens Fashion ,1085,10,125,135625,20343.75,115281.25,130200,"-14,918.75",1,PR002,2,P0003
ORD-000226,08-11-2024,09-11-2024,11-11-2024,Mexico, Womens Fashion ,1175,10,15,17625,2643.75,14981.25,11750,3231.25,4,PR001,2,P0003
ORD-000227,09-11-2024,10-11-2024,11-11-2024,Brazil, Womens Fashion ,2007,10,350,702450,105367.5,597082.5,521820,75262.5,1,PR001,3,P0003
ORD-000227,10-11-2024,11-11-2024,13-11-2024,India, Womens Fashion ,2151,10,350,752850,112927.5,639922.5,559260,80662.5,3,PR004,2,P0003
ORD-000227,11-11-2024,12-11-2024,17-11-2024,Brazil, Womens Fashion ,914,10,12,10968,1645.2,9322.8,2742,6580.8,1,PR003,1,P0003
ORD-000228,12-11-2024,13-11-2024,14-11-2024,Mexico, Womens Fashion ,293,10,20,5860,879,4981,2930,2051,4,PR002,3,P0003
ORD-000228,13-11-2024,14-11-2024,21-11-2024,India, Team Sports ,500,120,12,6000,900,5100,1500,3600,3,PR004,4,P0004
ORD-000228,14-11-2024,15-11-2024,16-11-2024,India, Team Sports ,2826,120,15,42390,6358.5,36031.5,28260,7771.5,3,PR001,3,P0004
ORD-000229,15-11-2024,16-11-2024,21-11-2024,India, Team Sports ,663,120,125,82875,12431.25,70443.75,79560,"-9,116.25",3,PR002,1,P0004
ORD-000229,16-11-2024,17-11-2024,18-11-2024,Mexico, Team Sports ,2574,120,300,772200,115830,656370,643500,12870,4,PR003,3,P0004
ORD-000229,17-11-2024,18-11-2024,19-11-2024,Germany, Team Sports ,2438,120,125,304750,45712.5,259037.5,292560,"-33,522.50",2,PR001,3,P0004
ORD-000230,18-11-2024,19-11-2024,24-11-2024,Germany, Team Sports ,914,120,12,10968,1645.2,9322.8,2742,6580.8,2,PR001,1,P0004
ORD-000230,19-11-2024,20-11-2024,21-11-2024,Germany, Footwears ,865.5,250,20,17310,2596.5,14713.5,8655,6058.5,2,PR001,3,P0005
ORD-000230,20-11-2024,21-11-2024,26-11-2024,Mexico, Footwears ,492,250,15,7380,1107,6273,4920,1353,4,PR004,1,P0005
ORD-000231,21-11-2024,22-11-2024,27-11-2024,India, Footwears ,267,250,20,5340,801,4539,2670,1869,3,PR003,1,P0005
ORD-000231,22-11-2024,23-11-2024,30-11-2024,Germany, Footwears ,1175,250,15,17625,2643.75,14981.25,11750,3231.25,2,PR002,4,P0005
ORD-000231,23-11-2024,24-11-2024,26-11-2024,Mexico, Footwears ,2954,250,125,369250,55387.5,313862.5,354480,"-40,617.50",4,PR004,2,P0005
ORD-000232,24-11-2024,25-11-2024,27-11-2024,Germany, Footwears ,552,250,125,69000,10350,58650,66240,"-7,590.00",2,PR004,2,P0005
ORD-000232,25-11-2024,26-11-2024,27-11-2024,Brazil, Footwears ,293,250,20,5860,879,4981,2930,2051,1,PR004,3,P0005
ORD-000232,26-11-2024,27-11-2024,28-11-2024,Germany, Stationery,2475,260,300,742500,111375,631125,618750,12375,2,PR001,3,P0006
ORD-000233,27-11-2024,28-11-2024,05-12-2024,Germany, Stationery,546,260,300,163800,24570,139230,136500,2730,2,PR003,4,P0006
ORD-000233,28-11-2024,29-11-2024,06-12-2024,India, Mens Fashion ,1368,5,7,9576,1436.4,8139.6,6840,1299.6,3,PR004,4,P0002
ORD-000233,29-11-2024,30-11-2024,07-12-2024,Mexico, Womens Fashion ,723,10,7,5061,759.15,4301.85,3615,686.85,4,PR002,4,P0003
ORD-000234,30-11-2024,01-12-2024,06-12-2024,India, Footwears ,1806,250,12,21672,3250.8,18421.2,5418,13003.2,3,PR003,1,P0005
ORD-000234,01-12-2024,02-12-2024,09-12-2024,India, Footwears ,1234,450,789,367890,10000,3254646,21435,"-10,617.50",3,PR002,4,P0005
ORD-000234,02-12-2024,03-12-2024,10-12-2024,India, Footwears ,677,560,567,560000,50000,46656,34545,"-6,590.00",3,PR003,4,P0005
ORD-000235,03-12-2024,04-12-2024,05-12-2024,India, Footwears ,254,360,34,6700,600,32435,45,2051,3,PR002,3,P0005
ORD-000235,04-12-2024,05-12-2024,12-12-2024,India, Stationery,3456,120,45,34560,543545,657,656,1375,3,PR001,4,P0006
ORD-000235,05-12-2024,06-12-2024,11-12-2024,Germany, Stationery,126,450,25,567890,5656,3232,768678,2730,2,PR004,1,P0006
ORD-000236,06-12-2024,07-12-2024,12-12-2024,India, Mens Fashion ,567,900,5,4546,5545,657,34324,1299.6,3,PR002,1,P0002
ORD-000236,07-12-2024,08-12-2024,09-12-2024,India, Womens Fashion ,4563,70,5,2434,2324,7676,678,686.85,3,PR003,3,P0003
ORD-000236,08-12-2024,09-12-2024,16-12-2024,Mexico, Footwears ,45,60,4,454656,4546,9099,3243,13003.2,4,PR004,4,P0005
ORD-000237,09-12-2024,10-12-2024,17-12-2024,Brazil, Electronics ,1618.5,3,20,32370,,32370,16185,16185,1,PR004,4,P0001
ORD-000237,10-12-2024,11-12-2024,16-12-2024,Germany, Electronics ,1321,3,20,26420,,26420,13210,13210,2,PR003,1,P0001
ORD-000237,11-12-2024,12-12-2024,19-12-2024,Germany, Electronics ,2178,3,15,32670,,32670,21780,10890,2,PR002,4,P0001
ORD-000238,12-12-2024,13-12-2024,20-12-2024,Germany, Electronics ,888,3,15,13320,,13320,8880,4440,2,PR001,4,P0001
ORD-000238,13-12-2024,14-12-2024,21-12-2024,India, Electronics ,2470,3,15,37050,,37050,24700,12350,3,PR001,4,P0001
ORD-000238,14-12-2024,15-12-2024,17-12-2024,India, Electronics ,1513,3,350,529550,,529550,393380,136170,3,PR002,2,P0001
ORD-000239,15-12-2024,16-12-2024,17-12-2024,India, Mens Fashion ,921,5,15,13815,,13815,9210,4605,3,PR004,3,P0002
ORD-000239,16-12-2024,17-12-2024,19-12-2024,Mexico, Mens Fashion ,2518,5,12,30216,,30216,7554,22662,4,PR004,2,P0002
ORD-000239,17-12-2024,18-12-2024,19-12-2024,Brazil, Mens Fashion ,1899,5,20,37980,,37980,18990,18990,1,PR004,3,P0002
ORD-000240,18-12-2024,19-12-2024,24-12-2024,India, Mens Fashion ,1545,5,12,18540,,18540,4635,13905,3,PR004,1,P0002
ORD-000240,19-12-2024,20-12-2024,27-12-2024,Brazil, Mens Fashion ,2470,5,15,37050,,37050,24700,12350,1,PR002,4,P0002
ORD-000240,20-12-2024,21-12-2024,23-12-2024,Mexico, Mens Fashion ,2665.5,5,125,333187.5,,333187.5,319860,13327.5,4,PR004,3,P0002
ORD-000241,21-12-2024,22-12-2024,24-12-2024,Germany, Mens Fashion ,958,5,300,287400,,287400,239500,47900,2,PR003,2,P0002
ORD-000241,22-12-2024,23-12-2024,30-12-2024,India, Mens Fashion ,2146,5,7,15022,,15022,10730,4292,3,PR004,4,P0002
ORD-000241,23-12-2024,24-12-2024,29-12-2024,Brazil, Mens Fashion ,345,5,125,43125,,43125,41400,1725,1,PR001,1,P0002
ORD-000242,24-12-2024,25-12-2024,27-12-2024,Brazil, Mens Fashion ,615,5,15,9225,,9225,6150,3075,1,PR004,3,P0002
ORD-000242,25-12-2024,26-12-2024,27-12-2024,India, Womens Fashion ,292,10,20,5840,,5840,2920,2920,3,PR002,3,P0003
ORD-000242,26-12-2024,27-12-2024,28-12-2024,Germany, Womens Fashion ,974,10,15,14610,,14610,9740,4870,2,PR001,3,P0003
ORD-000243,27-12-2024,28-12-2024,04-01-2025,Germany, Womens Fashion ,2518,10,12,30216,,30216,7554,22662,2,PR002,4,P0003
ORD-000243,28-12-2024,29-12-2024,31-12-2024,Germany, Womens Fashion ,1006,10,350,352100,,352100,261560,90540,2,PR002,2,P0003
ORD-000243,29-12-2024,30-12-2024,01-01-2025,Mexico, Womens Fashion ,367,10,12,4404,,4404,1101,3303,4,PR001,2,P0003
ORD-000244,30-12-2024,31-12-2024,01-01-2025,Brazil, Womens Fashion ,883,10,7,6181,,6181,4415,1766,1,PR002,3,P0003
ORD-000244,31-12-2024,01-01-2025,06-01-2025,Brazil, Womens Fashion ,549,10,15,8235,,8235,5490,2745,1,PR002,1,P0003
ORD-000244,01-01-2025,02-01-2025,07-01-2025,Brazil, Womens Fashion ,788,10,300,236400,,236400,197000,39400,1,PR004,1,P0003
ORD-000245,02-01-2025,03-01-2025,05-01-2025,Mexico, Womens Fashion ,2472,10,15,37080,,37080,24720,12360,4,PR003,2,P0003
ORD-000245,03-01-2025,04-01-2025,09-01-2025,Brazil, Womens Fashion ,1143,10,7,8001,,8001,5715,2286,1,PR002,1,P0003
ORD-000245,04-01-2025,05-01-2025,07-01-2025,Mexico, Womens Fashion ,1725,10,350,603750,,603750,448500,155250,4,PR002,2,P0003
ORD-000246,05-01-2025,06-01-2025,07-01-2025,Germany, Womens Fashion ,912,10,12,10944,,10944,2736,8208,2,PR002,3,P0003
ORD-000246,06-01-2025,07-01-2025,09-01-2025,India, Womens Fashion ,2152,10,15,32280,,32280,21520,10760,3,PR004,2,P0003
ORD-000246,07-01-2025,08-01-2025,10-01-2025,Brazil, Womens Fashion ,1817,10,20,36340,,36340,18170,18170,1,PR003,2,P0003
ORD-000247,08-01-2025,09-01-2025,10-01-2025,Brazil, Womens Fashion ,1513,10,350,529550,,529550,393380,136170,1,PR001,3,P0003
ORD-000247,09-01-2025,10-01-2025,15-01-2025,Germany, Team Sports ,1493,120,7,10451,,10451,7465,2986,2,PR004,1,P0004
ORD-000247,10-01-2025,11-01-2025,13-01-2025,India, Team Sports ,1804,120,125,225500,,225500,216480,9020,3,PR004,2,P0004
ORD-000248,11-01-2025,12-01-2025,14-01-2025,Mexico, Team Sports ,2161,120,12,25932,,25932,6483,19449,4,PR003,2,P0004
ORD-000248,12-01-2025,13-01-2025,14-01-2025,India, Team Sports ,1006,120,350,352100,,352100,261560,90540,3,PR003,3,P0004
ORD-000248,13-01-2025,14-01-2025,19-01-2025,Germany, Team Sports ,1545,120,12,18540,,18540,4635,13905,2,PR004,1,P0004
ORD-000249,14-01-2025,15-01-2025,17-01-2025,Germany, Team Sports ,2821,120,125,352625,,352625,338520,14105,2,PR001,2,P0004
ORD-000249,15-01-2025,16-01-2025,17-01-2025,India, Team Sports ,345,120,125,43125,,43125,41400,1725,3,PR004,3,P0004
ORD-000249,16-01-2025,17-01-2025,19-01-2025,Mexico, Footwears ,2001,250,300,600300,,600300,500250,100050,4,PR003,2,P0005
ORD-000250,17-01-2025,18-01-2025,25-01-2025,Mexico, Footwears ,2838,250,12,34056,,34056,8514,25542,4,PR001,4,P0005
ORD-000250,18-01-2025,19-01-2025,20-01-2025,Brazil, Footwears ,2178,250,15,32670,,32670,21780,10890,1,PR003,3,P0005
ORD-000250,19-01-2025,20-01-2025,25-01-2025,Mexico, Footwears ,888,250,15,13320,,13320,8880,4440,4,PR001,1,P0005
ORD-000251,20-01-2025,21-01-2025,26-01-2025,India, Footwears ,1527,250,350,534450,,534450,397020,137430,3,PR002,1,P0005
ORD-000251,21-01-2025,22-01-2025,27-01-2025,Germany, Footwears ,2151,250,300,645300,,645300,537750,107550,2,PR003,1,P0005
ORD-000251,22-01-2025,23-01-2025,28-01-2025,Brazil, Footwears ,1817,250,20,36340,,36340,18170,18170,1,PR003,1,P0005
ORD-000252,23-01-2025,24-01-2025,26-01-2025,Brazil, Stationery,2750,260,350,962500,,962500,715000,247500,1,PR004,2,P0006
ORD-000252,24-01-2025,25-01-2025,27-01-2025,Germany, Stationery,1953,260,12,23436,,23436,5859,17577,2,PR003,2,P0006
ORD-000252,25-01-2025,26-01-2025,31-01-2025,Mexico, Stationery,4219.5,260,125,527437.5,,527437.5,506340,21097.5,4,PR003,1,P0006
ORD-000253,26-01-2025,27-01-2025,01-02-2025,Germany, Stationery,1899,260,20,37980,,37980,18990,18990,2,PR002,1,P0006
ORD-000253,27-01-2025,28-01-2025,02-02-2025,Mexico, Stationery,1686,260,7,11802,,11802,8430,3372,4,PR003,1,P0006
ORD-000253,28-01-2025,29-01-2025,31-01-2025,Germany, Stationery,2141,260,12,25692,,25692,6423,19269,2,PR002,2,P0006
ORD-000254,29-01-2025,30-01-2025,04-02-2025,India, Stationery,1143,260,7,8001,,8001,5715,2286,3,PR002,1,P0006
ORD-000254,30-01-2025,31-01-2025,05-02-2025,Mexico, Stationery,615,260,15,9225,,9225,6150,3075,4,PR002,1,P0006
ORD-000254,31-01-2025,01-02-2025,08-02-2025,India, Womens Fashion ,3945,10,7,27615,276.15,27338.85,19725,7613.85,3,PR002,4,P0003
ORD-000255,01-02-2025,02-02-2025,09-02-2025,Brazil, Womens Fashion ,2296,10,15,34440,344.4,34095.6,22960,11135.6,1,PR001,4,P0003
ORD-000255,02-02-2025,03-02-2025,08-02-2025,Germany, Womens Fashion ,1030,10,7,7210,72.1,7137.9,5150,1987.9,2,PR004,1,P0003
ORD-000255,03-02-2025,04-02-2025,05-02-2025,Brazil, Team Sports ,639,120,7,4473,44.73,4428.27,3195,1233.27,1,PR001,3,P0004
ORD-000256,04-02-2025,05-02-2025,10-02-2025,Brazil, Footwears ,1326,250,7,9282,92.82,9189.18,6630,2559.18,1,PR003,1,P0005
ORD-000256,05-02-2025,06-02-2025,13-02-2025,Brazil, Electronics ,1858,3,12,22296,222.96,22073.04,5574,16499.04,1,PR001,4,P0001
ORD-000256,06-02-2025,07-02-2025,08-02-2025,Brazil, Electronics ,1210,3,350,423500,4235,419265,314600,104665,1,PR001,3,P0001
ORD-000257,07-02-2025,08-02-2025,09-02-2025,Germany, Electronics ,2529,3,7,17703,177.03,17525.97,12645,4880.97,2,PR003,3,P0001
ORD-000257,08-02-2025,09-02-2025,14-02-2025,Brazil, Electronics ,1445,3,12,17340,173.4,17166.6,4335,12831.6,1,PR003,1,P0001
ORD-000257,09-02-2025,10-02-2025,17-02-2025,Germany, Electronics ,330,3,125,41250,412.5,40837.5,39600,1237.5,2,PR003,4,P0001
ORD-000258,10-02-2025,11-02-2025,18-02-2025,Germany, Electronics ,2671,3,12,32052,320.52,31731.48,8013,23718.48,2,PR001,4,P0001
ORD-000258,11-02-2025,12-02-2025,13-02-2025,India, Electronics ,766,3,12,9192,91.92,9100.08,2298,6802.08,3,PR001,3,P0001
ORD-000258,12-02-2025,13-02-2025,18-02-2025,Mexico, Electronics ,494,3,300,148200,1482,146718,123500,23218,4,PR003,1,P0001
ORD-000259,13-02-2025,14-02-2025,16-02-2025,Mexico, Electronics ,1397,3,350,488950,4889.5,484060.5,363220,120840.5,4,PR004,2,P0001
ORD-000259,14-02-2025,15-02-2025,17-02-2025,Germany, Electronics ,2155,3,350,754250,7542.5,746707.5,560300,186407.5,2,PR004,2,P0001
ORD-000259,15-02-2025,16-02-2025,23-02-2025,India, Mens Fashion ,2214,5,15,33210,332.1,32877.9,22140,10737.9,3,PR002,4,P0002
ORD-000260,16-02-2025,17-02-2025,19-02-2025,Germany, Mens Fashion ,2301,5,300,690300,6903,683397,575250,108147,2,PR003,2,P0002
ORD-000260,17-02-2025,18-02-2025,25-02-2025,Germany, Mens Fashion ,1375.5,5,20,27510,275.1,27234.9,13755,13479.9,2,PR002,4,P0002
ORD-000260,18-02-2025,19-02-2025,26-02-2025,Germany, Mens Fashion ,1830,5,7,12810,128.1,12681.9,9150,3531.9,2,PR004,4,P0002
ORD-000261,19-02-2025,20-02-2025,27-02-2025,India, Mens Fashion ,2498,5,300,749400,7494,741906,624500,117406,3,PR002,4,P0002
ORD-000261,20-02-2025,21-02-2025,23-02-2025,Mexico, Mens Fashion ,663,5,125,82875,828.75,82046.25,79560,2486.25,4,PR003,2,P0002
ORD-000261,21-02-2025,22-02-2025,01-03-2025,India, Womens Fashion ,1514,10,15,22710,227.1,22482.9,15140,7342.9,3,PR003,4,P0003
ORD-000262,22-02-2025,23-02-2025,24-02-2025,Brazil, Womens Fashion ,4492.5,10,7,31447.5,314.48,31133.03,22462.5,8670.53,1,PR003,3,P0003
ORD-000262,23-02-2025,24-02-2025,01-03-2025,India, Womens Fashion ,727,10,125,90875,908.75,89966.25,87240,2726.25,3,PR001,1,P0003
ORD-000262,24-02-2025,25-02-2025,02-03-2025,India, Womens Fashion ,787,10,125,98375,983.75,97391.25,94440,2951.25,3,PR002,1,P0003
ORD-000263,25-02-2025,26-02-2025,05-03-2025,India, Womens Fashion ,1823,10,125,227875,2278.75,225596.25,218760,6836.25,3,PR004,4,P0003
ORD-000263,26-02-2025,27-02-2025,04-03-2025,India, Womens Fashion ,747,10,15,11205,112.05,11092.95,7470,3622.95,3,PR004,1,P0003
ORD-000263,27-02-2025,28-02-2025,02-03-2025,Mexico, Womens Fashion ,766,10,12,9192,91.92,9100.08,2298,6802.08,4,PR004,2,P0003
ORD-000264,28-02-2025,01-03-2025,03-03-2025,Brazil, Womens Fashion ,2905,10,300,871500,8715,862785,726250,136535,1,PR001,2,P0003
ORD-000264,01-03-2025,02-03-2025,07-03-2025,Mexico, Womens Fashion ,2155,10,350,754250,7542.5,746707.5,560300,186407.5,4,PR001,1,P0003
ORD-000264,02-03-2025,03-03-2025,04-03-2025,Mexico, Team Sports ,3864,120,20,77280,772.8,76507.2,38640,37867.2,4,PR003,2,P0004
ORD-000265,03-03-2025,04-03-2025,09-03-2025,India, Team Sports ,362,120,7,2534,25.34,2508.66,1810,698.66,3,PR004,1,P0004
ORD-000265,04-03-2025,05-03-2025,10-03-2025,Germany, Team Sports ,923,120,125,115375,1153.75,114221.25,110760,3461.25,2,PR001,1,P0004
ORD-000265,05-03-2025,06-03-2025,11-03-2025,Germany, Team Sports ,663,120,125,82875,828.75,82046.25,79560,2486.25,2,PR003,1,P0004
ORD-000266,06-03-2025,07-03-2025,14-03-2025,Mexico, Team Sports ,2092,120,7,14644,146.44,14497.56,10460,4037.56,4,PR004,4,P0004
ORD-000266,07-03-2025,08-03-2025,13-03-2025,Mexico, Footwears ,263,250,7,1841,18.41,1822.59,1315,507.59,4,PR002,1,P0005
ORD-000266,08-03-2025,09-03-2025,16-03-2025,India, Footwears ,943.5,250,350,330225,3302.25,326922.75,245310,81612.75,3,PR003,4,P0005
ORD-000267,09-03-2025,10-03-2025,15-03-2025,Mexico, Footwears ,727,250,125,90875,908.75,89966.25,87240,2726.25,4,PR001,1,P0005
ORD-000267,10-03-2025,11-03-2025,16-03-2025,India, Footwears ,787,250,125,98375,983.75,97391.25,94440,2951.25,3,PR001,1,P0005
ORD-000267,11-03-2025,12-03-2025,17-03-2025,Germany, Footwears ,986,250,300,295800,2958,292842,246500,46342,2,PR003,1,P0005
ORD-000268,12-03-2025,13-03-2025,15-03-2025,Germany, Footwears ,494,250,300,148200,1482,146718,123500,23218,2,PR003,2,P0005
ORD-000268,13-03-2025,14-03-2025,21-03-2025,Brazil, Footwears ,1397,250,350,488950,4889.5,484060.5,363220,120840.5,1,PR001,4,P0005
ORD-000268,14-03-2025,15-03-2025,22-03-2025,Germany, Footwears ,1744,250,125,218000,2180,215820,209280,6540,2,PR002,4,P0005
ORD-000269,15-03-2025,16-03-2025,21-03-2025,Mexico, Stationery,1989,260,12,23868,238.68,23629.32,5967,17662.32,4,PR004,1,P0006
ORD-000269,16-03-2025,17-03-2025,22-03-2025,Germany, Stationery,321,260,15,4815,48.15,4766.85,3210,1556.85,2,PR002,1,P0006
ORD-000269,17-03-2025,18-03-2025,20-03-2025,India, Electronics ,742.5,3,125,92812.5,1856.25,90956.25,89100,1856.25,3,PR003,2,P0001
ORD-000270,18-03-2025,19-03-2025,21-03-2025,Germany, Electronics ,1295,3,12,15540,310.8,15229.2,3885,11344.2,2,PR002,2,P0001
ORD-000270,19-03-2025,20-03-2025,22-03-2025,Brazil, Electronics ,214,3,300,64200,1284,62916,53500,9416,1,PR001,2,P0001
ORD-000270,20-03-2025,21-03-2025,26-03-2025,Germany, Electronics ,2145,3,7,15015,300.3,14714.7,10725,3989.7,2,PR003,4,P0001
ORD-000271,21-03-2025,22-03-2025,27-03-2025,India, Electronics ,2852,3,350,998200,19964,978236,741520,236716,3,PR004,4,P0001
ORD-000271,22-03-2025,23-03-2025,28-03-2025,India, Mens Fashion ,1142,5,12,13704,274.08,13429.92,3426,10003.92,3,PR001,4,P0002
ORD-000271,23-03-2025,24-03-2025,29-03-2025,Mexico, Mens Fashion ,1566,5,20,31320,626.4,30693.6,15660,15033.6,4,PR001,1,P0002
ORD-000272,24-03-2025,25-03-2025,01-04-2025,Germany, Mens Fashion ,690,5,12,8280,165.6,8114.4,2070,6044.4,2,PR004,4,P0002
ORD-000272,25-03-2025,26-03-2025,27-03-2025,India, Mens Fashion ,1660,5,125,207500,4150,203350,199200,4150,3,PR004,3,P0002
ORD-000272,26-03-2025,27-03-2025,28-03-2025,Brazil, Womens Fashion ,2363,10,15,35445,708.9,34736.1,23630,11106.1,1,PR002,3,P0003
ORD-000273,27-03-2025,28-03-2025,30-03-2025,Mexico, Womens Fashion ,918,10,300,275400,5508,269892,229500,40392,4,PR003,2,P0003
ORD-000273,28-03-2025,29-03-2025,05-04-2025,Brazil, Womens Fashion ,1728,10,300,518400,10368,508032,432000,76032,1,PR004,4,P0003
ORD-000273,29-03-2025,30-03-2025,31-03-2025,Germany, Womens Fashion ,1142,10,12,13704,274.08,13429.92,3426,10003.92,2,PR004,3,P0003
ORD-000274,30-03-2025,31-03-2025,08-04-2025,Germany, Womens Fashion ,662,10,125,82750,1655,81095,79440,1655,2,PR003,2,P0003
ORD-000274,31-03-2025,01-04-2025,08-04-2025,Germany, Womens Fashion ,1295,10,12,15540,310.8,15229.2,3885,11344.2,2,PR004,4,P0003
ORD-000274,01-04-2025,02-04-2025,07-04-2025,Mexico, Womens Fashion ,809,10,125,101125,2022.5,99102.5,97080,2022.5,4,PR004,1,P0003
ORD-000275,02-04-2025,03-04-2025,04-04-2025,India, Womens Fashion ,2145,10,125,268125,5362.5,262762.5,257400,5362.5,3,PR002,3,P0003
ORD-000275,03-04-2025,04-04-2025,09-04-2025,Mexico, Womens Fashion ,1785,10,12,21420,428.4,20991.6,5355,15636.6,4,PR001,1,P0003
ORD-000275,04-04-2025,05-04-2025,12-04-2025,Brazil, Womens Fashion ,1916,10,300,574800,11496,563304,479000,84304,1,PR001,4,P0003
ORD-000276,05-04-2025,06-04-2025,07-04-2025,Mexico, Womens Fashion ,2852,10,350,998200,19964,978236,741520,236716,4,PR001,3,P0003
ORD-000276,06-04-2025,07-04-2025,14-04-2025,Brazil, Womens Fashion ,2729,10,125,341125,6822.5,334302.5,327480,6822.5,1,PR001,4,P0003
ORD-000276,07-04-2025,08-04-2025,13-04-2025,Mexico, Womens Fashion ,1925,10,15,28875,577.5,28297.5,19250,9047.5,4,PR004,1,P0003
ORD-000277,08-04-2025,09-04-2025,10-04-2025,India, Womens Fashion ,2021,10,7,14091,281.82,13809.18,10065,3744.18,3,PR003,3,P0003
ORD-000277,09-04-2025,10-04-2025,15-04-2025,Brazil, Womens Fashion ,1055,10,12,12660,253.2,12406.8,3165,9241.8,1,PR003,1,P0003
ORD-000277,10-04-2025,11-04-2025,18-04-2025,Germany, Womens Fashion ,1084,10,12,13008,260.16,12747.84,3252,9495.84,2,PR002,4,P0003
ORD-000278,11-04-2025,12-04-2025,19-04-2025,Germany, Team Sports ,1566,120,20,31320,626.4,30693.6,15660,15033.6,2,PR002,4,P0004
ORD-000278,12-04-2025,13-04-2025,18-04-2025,Mexico, Team Sports ,2966,120,350,1038100,20762,1017338,771160,246178,4,PR004,1,P0004
ORD-000278,13-04-2025,14-04-2025,15-04-2025,Germany, Team Sports ,2877,120,350,1006950,20219,986811,748020,238791,2,PR003,3,P0004
ORD-000279,14-04-2025,15-04-2025,20-04-2025,Brazil, Team Sports ,809,120,125,101125,2022.5,99102.5,97080,2022.5,1,PR003,1,P0004
ORD-000279,15-04-2025,16-04-2025,23-04-2025,Germany, Team Sports ,2145,120,125,268125,5362.5,262762.5,257400,5362.5,2,PR001,4,P0004
ORD-000279,16-04-2025,17-04-2025,22-04-2025,India, Team Sports ,1055,120,12,12660,253.2,12406.8,3165,9241.8,3,PR004,1,P0004
ORD-000280,17-04-2025,18-04-2025,25-04-2025,India, Team Sports ,544,120,20,10880,217.6,10662.4,5440,5222.4,3,PR004,4,P0004
ORD-000280,18-04-2025,19-04-2025,24-04-2025,Mexico, Team Sports ,1084,120,12,13008,260.16,12747.84,3252,9495.84,4,PR001,1,P0004
ORD-000280,19-04-2025,20-04-2025,21-04-2025,Brazil, Footwears ,662,250,125,82750,1655,81095,79440,1655,1,PR004,3,P0005
ORD-000281,20-04-2025,21-04-2025,22-04-2025,India, Footwears ,214,250,300,64200,1284,62916,53500,9416,3,PR004,3,P0005
ORD-000281,21-04-2025,22-04-2025,27-04-2025,India, Footwears ,2877,250,350,1006950,20219,986811,748020,238791,3,PR002,1,P0005
ORD-000281,22-04-2025,23-04-2025,28-04-2025,Brazil, Footwears ,2729,250,125,341125,6822.5,334302.5,327480,6822.5,1,PR003,1,P0005
ORD-000282,23-04-2025,24-04-2025,25-04-2025,Germany, Footwears ,266,250,350,93100,1862,91238,69160,22078,2,PR004,3,P0005
ORD-000282,24-04-2025,25-04-2025,02-05-2025,Germany, Footwears ,1940,250,350,679000,13580,665420,504400,161020,2,PR002,4,P0005
ORD-000282,25-04-2025,26-04-2025,27-04-2025,Mexico, Stationery,259,260,300,77700,1554,76146,64750,11396,4,PR003,3,P0006
ORD-000283,26-04-2025,27-04-2025,04-05-2025,Germany, Stationery,1101,260,300,330300,6606,323694,275250,48444,2,PR001,4,P0006
ORD-000283,27-04-2025,28-04-2025,03-05-2025,Brazil, Stationery,2276,260,125,284500,5690,278810,273120,5690,1,PR002,1,P0006
ORD-000283,28-04-2025,29-04-2025,04-05-2025,India, Stationery,2966,260,350,1038100,20762,1017338,771160,246178,3,PR002,1,P0006
ORD-000284,29-04-2025,30-04-2025,07-05-2025,Germany, Stationery,1236,260,20,24720,494.4,24225.6,12360,11865.6,2,PR003,4,P0006
ORD-000284,30-04-2025,01-05-2025,06-05-2025,Mexico, Stationery,941,260,20,18820,376.4,18443.6,9410,9033.6,4,PR001,1,P0006
ORD-000284,01-05-2025,02-05-2025,09-05-2025,Germany, Stationery,1916,260,300,574800,11496,563304,479000,84304,2,PR002,4,P0006
ORD-000285,02-05-2025,03-05-2025,11-05-2025,Brazil, Electronics ,4243.5,3,125,530437.5,15913.13,514524.38,509220,5304.38,1,PR004,2,P0001
ORD-000285,03-05-2025,04-05-2025,05-05-2025,Mexico, Electronics ,2580,3,20,51600,1548,50052,25800,24252,4,PR004,3,P0001
ORD-000285,04-05-2025,05-05-2025,13-05-2025,Germany, Electronics ,689,3,300,206700,6201,200499,172250,28249,2,PR004,2,P0001
ORD-000286,05-05-2025,06-05-2025,13-05-2025,Mexico, Electronics ,1947,3,12,23364,700.92,22663.08,5841,16822.08,4,PR001,4,P0001
ORD-000286,06-05-2025,07-05-2025,08-05-2025,Brazil, Electronics ,908,3,12,10896,326.88,10569.12,2724,7845.12,1,PR002,3,P0001
ORD-000286,07-05-2025,08-05-2025,15-05-2025,India, Mens Fashion ,1958,5,7,13706,411.18,13294.82,9790,3504.82,3,PR004,4,P0002
ORD-000287,08-05-2025,09-05-2025,10-05-2025,Brazil, Mens Fashion ,1901,5,12,22812,684.36,22127.64,5703,16424.64,1,PR001,3,P0002
ORD-000287,09-05-2025,10-05-2025,11-05-2025,Brazil, Mens Fashion ,544,5,7,3808,114.24,3693.76,2720,973.76,1,PR004,3,P0002
ORD-000287,10-05-2025,11-05-2025,12-05-2025,Brazil, Mens Fashion ,1797,5,350,628950,18868.5,610081.5,467220,142861.5,1,PR003,3,P0002
ORD-000288,11-05-2025,12-05-2025,13-05-2025,Brazil, Mens Fashion ,1287,5,125,160875,4826.25,156048.75,154440,1608.75,1,PR002,3,P0002
ORD-000288,12-05-2025,13-05-2025,20-05-2025,India, Mens Fashion ,1706,5,125,213250,6397.5,206852.5,204720,2132.5,3,PR002,4,P0002
ORD-000288,13-05-2025,14-05-2025,15-05-2025,India, Womens Fashion ,2434.5,10,300,730350,21910.5,708439.5,608625,99814.5,3,PR001,3,P0003
ORD-000289,14-05-2025,15-05-2025,16-05-2025,Mexico, Womens Fashion ,1774,10,125,221750,6652.5,215097.5,212880,2217.5,4,PR001,3,P0003
ORD-000289,15-05-2025,16-05-2025,24-05-2025,Germany, Womens Fashion ,1901,10,12,22812,684.36,22127.64,5703,16424.64,2,PR002,2,P0003
ORD-000289,16-05-2025,17-05-2025,22-05-2025,India, Womens Fashion ,689,10,300,206700,6201,200499,172250,28249,3,PR004,1,P0003
ORD-000290,17-05-2025,18-05-2025,23-05-2025,India, Womens Fashion ,1570,10,125,196250,5887.5,190362.5,188400,1962.5,3,PR004,1,P0003
ORD-000290,18-05-2025,19-05-2025,21-05-2025,Germany, Womens Fashion ,1369.5,10,12,16434,493.02,15940.98,4108.5,11832.48,2,PR003,2,P0003
ORD-000290,19-05-2025,20-05-2025,22-05-2025,India, Womens Fashion ,2009,10,125,251125,7533.75,243591.25,241080,2511.25,3,PR004,2,P0003
ORD-000291,20-05-2025,21-05-2025,28-05-2025,Brazil, Womens Fashion ,1945,10,15,29175,875.25,28299.75,19450,8849.75,1,PR001,4,P0003
ORD-000291,21-05-2025,22-05-2025,29-05-2025,Brazil, Womens Fashion ,1287,10,125,160875,4826.25,156048.75,154440,1608.75,1,PR001,4,P0003
ORD-000291,22-05-2025,23-05-2025,30-05-2025,Germany, Womens Fashion ,1706,10,125,213250,6397.5,206852.5,204720,2132.5,2,PR004,4,P0003
ORD-000292,23-05-2025,24-05-2025,26-05-2025,Mexico, Team Sports ,2009,120,125,251125,7533.75,243591.25,241080,2511.25,4,PR001,2,P0004
ORD-000292,24-05-2025,25-05-2025,27-05-2025,Mexico, Footwears ,2844,250,300,853200,25596,827604,711000,116604,4,PR002,2,P0005
ORD-000292,25-05-2025,26-05-2025,27-05-2025,Germany, Footwears ,1916,250,12,22992,689.76,22302.24,5748,16554.24,2,PR002,3,P0005
ORD-000293,26-05-2025,27-05-2025,03-06-2025,Germany, Footwears ,1570,250,125,196250,5887.5,190362.5,188400,1962.5,2,PR004,4,P0005
ORD-000293,27-05-2025,28-05-2025,04-06-2025,Brazil, Footwears ,1874,250,300,562200,16866,545334,468500,76834,1,PR002,4,P0005
ORD-000293,28-05-2025,29-05-2025,05-06-2025,Mexico, Footwears ,1642,250,350,574700,17241,557459,426920,130539,4,PR002,4,P0005
ORD-000294,29-05-2025,30-05-2025,04-06-2025,India, Footwears ,1945,250,15,29175,875.25,28299.75,19450,8849.75,3,PR003,1,P0005
ORD-000294,30-05-2025,31-05-2025,01-06-2025,Brazil, Electronics ,831,3,20,16620,498.6,16121.4,8310,7811.4,1,PR003,3,P0001
ORD-000294,31-05-2025,01-06-2025,08-06-2025,Germany, Womens Fashion ,1760,10,7,12320,369.6,11950.4,8800,3150.4,2,PR002,4,P0003
ORD-000295,01-06-2025,02-06-2025,12-06-2025,Mexico, Team Sports ,3850.5,120,20,77010,2310.3,74699.7,38505,36194.7,4,PR004,4,P0004
ORD-000295,02-06-2025,03-06-2025,13-06-2025,India, Footwears ,2479,250,12,29748,892.44,28855.56,7437,21418.56,3,PR003,4,P0005
ORD-000295,03-06-2025,04-06-2025,09-06-2025,India, Mens Fashion ,2031,5,15,30465,1218.6,29246.4,20310,8936.4,3,PR001,1,P0002
ORD-000296,04-06-2025,05-06-2025,10-06-2025,Brazil, Womens Fashion ,2031,10,15,30465,1218.6,29246.4,20310,8936.4,1,PR001,1,P0003
ORD-000296,05-06-2025,06-06-2025,08-06-2025,Mexico, Womens Fashion ,2261,10,15,33915,1356.6,32558.4,22610,9948.4,4,PR001,2,P0003
ORD-000296,06-06-2025,07-06-2025,08-06-2025,Mexico, Team Sports ,736,120,20,14720,588.8,14131.2,7360,6771.2,4,PR004,3,P0004
ORD-000297,07-06-2025,08-06-2025,10-06-2025,Germany, Electronics ,2851,3,7,19957,798.28,19158.72,14255,4903.72,2,PR002,2,P0001
ORD-000297,08-06-2025,09-06-2025,10-06-2025,Mexico, Electronics ,2021,3,300,606300,24252,582048,505250,76798,4,PR001,3,P0001
ORD-000297,09-06-2025,10-06-2025,15-06-2025,Mexico, Electronics ,274,3,350,95900,3836,92064,71240,20824,4,PR004,1,P0001
ORD-000298,10-06-2025,11-06-2025,21-06-2025,Brazil, Mens Fashion ,1967,5,15,29505,1180.2,28324.8,19670,8654.8,1,PR003,4,P0002
ORD-000298,11-06-2025,12-06-2025,14-06-2025,Mexico, Mens Fashion ,1859,5,300,557700,22308,535392,464750,70642,4,PR002,2,P0002
ORD-000298,12-06-2025,13-06-2025,20-06-2025,India, Mens Fashion ,2851,5,7,19957,798.28,19158.72,14255,4903.72,3,PR003,4,P0002
ORD-000299,13-06-2025,14-06-2025,16-06-2025,Brazil, Mens Fashion ,2021,5,300,606300,24252,582048,505250,76798,1,PR004,2,P0002
ORD-000299,14-06-2025,15-06-2025,20-06-2025,Brazil, Mens Fashion ,1138,5,125,142250,5690,136560,136560,,1,PR001,1,P0002
ORD-000299,15-06-2025,16-06-2025,21-06-2025,Germany, Womens Fashion ,4251,10,7,29757,1190.28,28566.72,21255,7311.72,2,PR001,1,P0003
ORD-000300,16-06-2025,17-06-2025,22-06-2025,Mexico, Womens Fashion ,795,10,125,99375,3975,95400,95400,,4,PR004,1,P0003
ORD-000300,17-06-2025,18-06-2025,20-06-2025,Germany, Womens Fashion ,1414.5,10,300,424350,16974,407376,353625,53751,2,PR001,2,P0003
ORD-000300,18-06-2025,19-06-2025,20-06-2025,India, Womens Fashion ,2918,10,300,875400,35016,840384,729500,110884,3,PR002,3,P0003
ORD-000301,19-06-2025,20-06-2025,22-06-2025,Brazil, Womens Fashion ,3450,10,350,1207500,48300,1159200,897000,262200,1,PR004,2,P0003
ORD-000301,20-06-2025,21-06-2025,22-06-2025,Brazil, Womens Fashion ,2988,10,125,373500,14940,358560,358560,,1,PR003,3,P0003
ORD-000301,21-06-2025,22-06-2025,24-06-2025,Brazil, Womens Fashion ,218,10,15,3270,130.8,3139.2,2180,959.2,1,PR004,2,P0003
ORD-000302,22-06-2025,23-06-2025,25-06-2025,India, Womens Fashion ,2074,10,20,41480,1659.2,39820.8,20740,19080.8,3,PR002,2,P0003
ORD-000302,23-06-2025,24-06-2025,29-06-2025,India, Womens Fashion ,1056,10,20,21120,844.8,20275.2,10560,9715.2,3,PR002,1,P0003
ORD-000302,24-06-2025,25-06-2025,02-07-2025,Germany, Womens Fashion ,671,10,15,10065,402.6,9662.4,6710,2952.4,2,PR004,4,P0003
ORD-000303,25-06-2025,26-06-2025,03-07-2025,Germany, Womens Fashion ,1514,10,15,22710,908.4,21801.6,15140,6661.6,2,PR004,4,P0003
ORD-000303,26-06-2025,27-06-2025,28-06-2025,Germany, Womens Fashion ,274,10,350,95900,3836,92064,71240,20824,2,PR001,3,P0003
ORD-000303,27-06-2025,28-06-2025,05-07-2025,Mexico, Womens Fashion ,1138,10,125,142250,5690,136560,136560,,4,PR002,4,P0003
ORD-000304,28-06-2025,29-06-2025,01-07-2025,Brazil, Team Sports ,1465,120,12,17580,703.2,16876.8,4395,12481.8,1,PR004,2,P0004
ORD-000304,29-06-2025,30-06-2025,02-07-2025,Brazil, Team Sports ,2646,120,20,52920,2116.8,50803.2,26460,24343.2,1,PR004,2,P0004
ORD-000304,30-06-2025,01-07-2025,06-07-2025,Germany, Team Sports ,2177,120,350,761950,30478,731472,566020,165452,2,PR002,1,P0004
ORD-000305,01-07-2025,02-07-2025,07-07-2025,Brazil, Footwears ,866,250,12,10392,415.68,9976.32,2598,7378.32,1,PR004,1,P0005
ORD-000305,02-07-2025,03-07-2025,10-07-2025,Germany, Footwears ,349,250,350,122150,4886,117264,90740,26524,2,PR001,4,P0005
ORD-000305,03-07-2025,04-07-2025,05-07-2025,Mexico, Footwears ,2177,250,350,761950,30478,731472,566020,165452,4,PR002,3,P0005
ORD-000306,04-07-2025,05-07-2025,12-07-2025,Mexico, Footwears ,1514,250,15,22710,908.4,21801.6,15140,6661.6,4,PR001,4,P0005
ORD-000306,05-07-2025,06-07-2025,13-07-2025,India, Stationery,1865,260,350,652750,26110,626640,484900,141740,3,PR001,4,P0006
ORD-000306,06-07-2025,07-07-2025,14-07-2025,Mexico, Stationery,1074,260,125,134250,5370,128880,128880,,4,PR001,4,P0006
ORD-000307,07-07-2025,08-07-2025,15-07-2025,Germany, Stationery,1907,260,350,667450,26698,640752,495820,144932,2,PR001,4,P0006
ORD-000307,08-07-2025,09-07-2025,11-07-2025,Mexico, Stationery,671,260,15,10065,402.6,9662.4,6710,2952.4,4,PR002,2,P0006
ORD-000307,09-07-2025,10-07-2025,11-07-2025,India, Stationery,1778,260,350,622300,24892,597408,462280,135128,3,PR001,3,P0006
ORD-000308,10-07-2025,11-07-2025,13-07-2025,Brazil, Mens Fashion ,1159,5,7,8113,405.65,7707.35,5795,1912.35,1,PR001,2,P0002
ORD-000308,11-07-2025,12-07-2025,13-07-2025,Germany, Womens Fashion ,1372,10,7,9604,480.2,9123.8,6860,2263.8,2,PR004,3,P0003
ORD-000308,12-07-2025,13-07-2025,18-07-2025,Brazil, Womens Fashion ,2349,10,7,16443,822.15,15620.85,11745,3875.85,1,PR002,1,P0003
ORD-000309,13-07-2025,14-07-2025,21-07-2025,India, Womens Fashion ,2689,10,7,18823,941.15,17881.85,13445,4436.85,3,PR002,4,P0003
ORD-000309,14-07-2025,15-07-2025,17-07-2025,India, Womens Fashion ,2431,10,12,29172,1458.6,27713.4,7293,20420.4,3,PR003,2,P0003
ORD-000309,15-07-2025,16-07-2025,17-07-2025,India, Team Sports ,2431,120,12,29172,1458.6,27713.4,7293,20420.4,3,PR002,3,P0004
ORD-000310,16-07-2025,17-07-2025,22-07-2025,Brazil, Footwears ,2689,250,7,18823,941.15,17881.85,13445,4436.85,1,PR002,1,P0005
ORD-000310,17-07-2025,18-07-2025,23-07-2025,Brazil, Stationery,1683,260,7,11781,589.05,11191.95,8415,2776.95,1,PR003,1,P0006
ORD-000310,18-07-2025,19-07-2025,26-07-2025,Brazil, Stationery,1123,260,12,13476,673.8,12802.2,3369,9433.2,1,PR002,4,P0006
ORD-000311,19-07-2025,20-07-2025,21-07-2025,Brazil, Stationery,1159,260,7,8113,405.65,7707.35,5795,1912.35,1,PR002,3,P0006
ORD-000311,20-07-2025,21-07-2025,23-07-2025,India, Electronics ,1865,3,12,22380,1119,21261,5595,15666,3,PR002,2,P0001
ORD-000311,21-07-2025,22-07-2025,29-07-2025,India, Electronics ,1116,3,12,13392,669.6,12722.4,3348,9374.4,3,PR002,4,P0001
ORD-000312,22-07-2025,23-07-2025,25-07-2025,Germany, Electronics ,1563,3,20,31260,1563,29697,15630,14067,2,PR003,2,P0001
ORD-000312,23-07-2025,24-07-2025,29-07-2025,Germany, Electronics ,991,3,300,297300,14865,282435,247750,34685,2,PR002,1,P0001
ORD-000312,24-07-2025,25-07-2025,27-07-2025,Brazil, Electronics ,1016,3,7,7112,355.6,6756.4,5080,1676.4,1,PR002,2,P0001
ORD-000313,25-07-2025,26-07-2025,28-07-2025,Mexico, Electronics ,2791,3,15,41865,2093.25,39771.75,27910,11861.75,4,PR003,2,P0001
ORD-000313,26-07-2025,27-07-2025,03-08-2025,Mexico, Electronics ,570,3,7,3990,199.5,3790.5,2850,940.5,4,PR004,4,P0001
ORD-000313,27-07-2025,28-07-2025,30-07-2025,India, Electronics ,2487,3,7,17409,870.45,16538.55,12435,4103.55,3,PR001,2,P0001
ORD-000314,28-07-2025,29-07-2025,05-08-2025,India, Mens Fashion ,1384.5,5,350,484575,24228.75,460346.25,359970,100376.25,3,PR004,4,P0002
ORD-000314,29-07-2025,30-07-2025,04-08-2025,India, Mens Fashion ,3627,5,125,453375,22668.75,430706.25,435240,"-4,533.75",3,PR003,1,P0002
ORD-000314,30-07-2025,31-07-2025,07-08-2025,Germany, Mens Fashion ,720,5,350,252000,12600,239400,187200,52200,2,PR001,4,P0002
ORD-000315,31-07-2025,01-08-2025,08-08-2025,Germany, Mens Fashion ,2342,5,12,28104,1405.2,26698.8,7026,19672.8,2,PR003,4,P0002
ORD-000315,01-08-2025,02-08-2025,03-08-2025,India, Mens Fashion ,1100,5,300,330000,16500,313500,275000,38500,3,PR003,3,P0002
ORD-000315,02-08-2025,03-08-2025,05-08-2025,India, Womens Fashion ,1303,10,20,26060,1303,24757,13030,11727,3,PR002,2,P0003
ORD-000316,03-08-2025,04-08-2025,09-08-2025,India, Womens Fashion ,2992,10,125,374000,18700,355300,359040,"-3,740.00",3,PR001,1,P0003
ORD-000316,04-08-2025,05-08-2025,12-08-2025,Mexico, Womens Fashion ,2385,10,125,298125,14906.25,283218.75,286200,"-2,981.25",4,PR002,4,P0003
ORD-000316,05-08-2025,06-08-2025,11-08-2025,Germany, Womens Fashion ,1607,10,300,482100,24105,457995,401750,56245,2,PR001,1,P0003
ORD-000317,06-08-2025,07-08-2025,08-08-2025,Mexico, Womens Fashion ,2327,10,7,16289,814.45,15474.55,11635,3839.55,4,PR003,3,P0003
ORD-000317,07-08-2025,08-08-2025,10-08-2025,Mexico, Womens Fashion ,991,10,300,297300,14865,282435,247750,34685,4,PR003,2,P0003
ORD-000317,08-08-2025,09-08-2025,16-08-2025,India, Womens Fashion ,602,10,350,210700,10535,200165,156520,43645,3,PR004,4,P0003
ORD-000318,09-08-2025,10-08-2025,12-08-2025,India, Womens Fashion ,2620,10,15,39300,1965,37335,26200,11135,3,PR001,2,P0003
ORD-000318,10-08-2025,11-08-2025,12-08-2025,Brazil, Womens Fashion ,1228,10,350,429800,21490,408310,319280,89030,1,PR002,3,P0003
ORD-000318,11-08-2025,12-08-2025,13-08-2025,Brazil, Womens Fashion ,1389,10,20,27780,1389,26391,13890,12501,1,PR004,3,P0003
ORD-000319,12-08-2025,13-08-2025,18-08-2025,Mexico, Womens Fashion ,861,10,125,107625,5381.25,102243.75,103320,"-1,076.25",4,PR004,1,P0003
ORD-000319,13-08-2025,14-08-2025,21-08-2025,Germany, Womens Fashion ,704,10,125,88000,4400,83600,84480,-880,2,PR004,4,P0003
ORD-000319,14-08-2025,15-08-2025,20-08-2025,India, Womens Fashion ,1802,10,20,36040,1802,34238,18020,16218,3,PR002,1,P0003
ORD-000320,15-08-2025,16-08-2025,17-08-2025,India, Womens Fashion ,2663,10,20,53260,2663,50597,26630,23967,3,PR004,3,P0003
ORD-000320,16-08-2025,17-08-2025,19-08-2025,Mexico, Womens Fashion ,2136,10,7,14952,747.6,14204.4,10680,3524.4,4,PR002,2,P0003
ORD-000320,17-08-2025,18-08-2025,23-08-2025,Brazil, Womens Fashion ,2116,10,15,31740,1587,30153,21160,8993,1,PR004,1,P0003
ORD-000321,18-08-2025,19-08-2025,24-08-2025,Germany, Team Sports ,555,120,15,8325,416.25,7908.75,5550,2358.75,2,PR002,1,P0004
ORD-000321,19-08-2025,20-08-2025,22-08-2025,Brazil, Team Sports ,2861,120,15,42915,2145.75,40769.25,28610,12159.25,1,PR003,2,P0004
ORD-000321,20-08-2025,21-08-2025,26-08-2025,Brazil, Team Sports ,807,120,125,100875,5043.75,95831.25,96840,"-1,008.75",1,PR003,1,P0004
ORD-000322,21-08-2025,22-08-2025,24-08-2025,Brazil, Team Sports ,602,120,350,210700,10535,200165,156520,43645,1,PR003,2,P0004
ORD-000322,22-08-2025,23-08-2025,30-08-2025,Brazil, Team Sports ,2832,120,20,56640,2832,53808,28320,25488,1,PR003,4,P0004
ORD-000322,23-08-2025,24-08-2025,26-08-2025,India, Team Sports ,1579,120,20,31580,1579,30001,15790,14211,3,PR003,2,P0004
ORD-000323,24-08-2025,25-08-2025,01-09-2025,India, Team Sports ,861,120,125,107625,5381.25,102243.75,103320,"-1,076.25",3,PR004,4,P0004
ORD-000323,25-08-2025,26-08-2025,28-08-2025,Brazil, Team Sports ,704,120,125,88000,4400,83600,84480,-880,1,PR004,2,P0004
ORD-000323,26-08-2025,27-08-2025,28-08-2025,Germany, Team Sports ,1033,120,20,20660,1033,19627,10330,9297,2,PR004,3,P0004
ORD-000324,27-08-2025,28-08-2025,29-08-2025,Mexico, Team Sports ,1250,120,300,375000,18750,356250,312500,43750,4,PR002,3,P0004
ORD-000324,28-08-2025,29-08-2025,05-09-2025,Germany, Footwears ,1389,250,20,27780,1389,26391,13890,12501,2,PR002,4,P0005
ORD-000324,29-08-2025,30-08-2025,06-09-2025,Germany, Footwears ,1265,250,20,25300,1265,24035,12650,11385,2,PR002,4,P0005
ORD-000325,30-08-2025,31-08-2025,01-09-2025,Germany, Footwears ,2297,250,20,45940,2297,43643,22970,20673,2,PR002,3,P0005
ORD-000325,31-08-2025,01-09-2025,08-09-2025,Brazil, Footwears ,2663,250,20,53260,2663,50597,26630,23967,1,PR003,4,P0005
ORD-000325,01-09-2025,02-09-2025,04-09-2025,India, Footwears ,570,250,7,3990,199.5,3790.5,2850,940.5,3,PR003,2,P0005
ORD-000326,02-09-2025,03-09-2025,05-09-2025,Germany, Footwears ,2487,250,7,17409,870.45,16538.55,12435,4103.55,2,PR003,2,P0005
ORD-000326,03-09-2025,04-09-2025,05-09-2025,Brazil, Stationery,1350,260,350,472500,23625,448875,351000,97875,1,PR001,3,P0006
ORD-000326,04-09-2025,05-09-2025,10-09-2025,Germany, Stationery,552,260,350,193200,9660,183540,143520,40020,2,PR004,1,P0006
ORD-000327,05-09-2025,06-09-2025,08-09-2025,Germany, Stationery,1228,260,350,429800,21490,408310,319280,89030,2,PR002,2,P0006
ORD-000327,06-09-2025,07-09-2025,14-09-2025,Brazil, Stationery,1250,260,300,375000,18750,356250,312500,43750,1,PR002,4,P0006
ORD-000327,07-09-2025,08-09-2025,13-09-2025,India, Womens Fashion ,3801,10,15,57015,3420.9,53594.1,38010,15584.1,3,PR003,1,P0003
ORD-000328,08-09-2025,09-09-2025,14-09-2025,India, Electronics ,1117.5,3,20,22350,1341,21009,11175,9834,3,PR002,1,P0001
ORD-000328,09-09-2025,10-09-2025,12-09-2025,Mexico, Electronics ,2844,3,15,42660,2559.6,40100.4,28440,11660.4,4,PR002,2,P0001
ORD-000328,10-09-2025,11-09-2025,13-09-2025,Brazil, Electronics ,562,3,12,6744,404.64,6339.36,1686,4653.36,1,PR004,2,P0001
ORD-000329,11-09-2025,12-09-2025,17-09-2025,Mexico, Electronics ,2299,3,12,27588,1655.28,25932.72,6897,19035.72,4,PR003,1,P0001
ORD-000329,12-09-2025,13-09-2025,18-09-2025,Mexico, Electronics ,2030,3,15,30450,1827,28623,20300,8323,4,PR004,1,P0001
ORD-000329,13-09-2025,14-09-2025,15-09-2025,Mexico, Electronics ,263,3,7,1841,110.46,1730.54,1315,415.54,4,PR001,3,P0001
ORD-000330,14-09-2025,15-09-2025,22-09-2025,India, Electronics ,887,3,125,110875,6652.5,104222.5,106440,"-2,217.50",3,PR001,4,P0001
ORD-000330,15-09-2025,16-09-2025,17-09-2025,Brazil, Mens Fashion ,980,5,350,343000,20580,322420,254800,67620,1,PR001,3,P0002
ORD-000330,16-09-2025,17-09-2025,19-09-2025,Mexico, Mens Fashion ,1460,5,350,511000,30660,480340,379600,100740,4,PR003,2,P0002
ORD-000331,17-09-2025,18-09-2025,19-09-2025,Brazil, Mens Fashion ,1403,5,7,9821,589.26,9231.74,7015,2216.74,1,PR002,3,P0002
ORD-000331,18-09-2025,19-09-2025,20-09-2025,Brazil, Mens Fashion ,2723,5,12,32676,1960.56,30715.44,8169,22546.44,1,PR003,3,P0002
ORD-000331,19-09-2025,20-09-2025,21-09-2025,India, Womens Fashion ,1496,10,350,523600,31416,492184,388960,103224,3,PR003,3,P0003
ORD-000332,20-09-2025,21-09-2025,22-09-2025,Mexico, Womens Fashion ,2299,10,12,27588,1655.28,25932.72,6897,19035.72,4,PR002,3,P0003
ORD-000332,21-09-2025,22-09-2025,29-09-2025,Mexico, Womens Fashion ,727,10,350,254450,15267,239183,189020,50163,4,PR004,4,P0003
ORD-000332,22-09-2025,23-09-2025,30-09-2025,Brazil, Team Sports ,952,120,125,119000,7140,111860,114240,"-2,380.00",1,PR001,4,P0004
ORD-000333,23-09-2025,24-09-2025,29-09-2025,Germany, Team Sports ,2755,120,125,344375,20662.5,323712.5,330600,"-6,887.50",2,PR004,1,P0004
ORD-000333,24-09-2025,25-09-2025,27-09-2025,India, Team Sports ,1530,120,15,22950,1377,21573,15300,6273,3,PR001,2,P0004
ORD-000333,25-09-2025,26-09-2025,27-09-2025,India, Team Sports ,1496,120,350,523600,31416,492184,388960,103224,3,PR003,3,P0004
ORD-000334,26-09-2025,27-09-2025,02-10-2025,India, Team Sports ,1498,120,7,10486,629.16,9856.84,7490,2366.84,3,PR001,1,P0004
ORD-000334,27-09-2025,28-09-2025,03-10-2025,India, Team Sports ,1221,120,300,366300,21978,344322,305250,39072,3,PR003,1,P0004
ORD-000334,28-09-2025,29-09-2025,04-10-2025,Mexico, Team Sports ,2076,120,350,726600,43596,683004,539760,143244,4,PR004,1,P0004
ORD-000335,29-09-2025,30-09-2025,07-10-2025,Mexico, Footwears ,2844,250,15,42660,2559.6,40100.4,28440,11660.4,4,PR003,4,P0005
ORD-000335,30-09-2025,01-10-2025,02-10-2025,Germany, Footwears ,1498,250,7,10486,629.16,9856.84,7490,2366.84,2,PR004,3,P0005
ORD-000335,01-10-2025,02-10-2025,03-10-2025,India, Footwears ,1221,250,300,366300,21978,344322,305250,39072,3,PR002,3,P0005
ORD-000336,02-10-2025,03-10-2025,05-10-2025,India, Footwears ,1123,250,20,22460,1347.6,21112.4,11230,9882.4,3,PR002,2,P0005
ORD-000336,03-10-2025,04-10-2025,05-10-2025,Brazil, Footwears ,2436,250,300,730800,43848,686952,609000,77952,1,PR002,3,P0005
ORD-000336,04-10-2025,05-10-2025,06-10-2025,Mexico, Stationery,1987.5,260,125,248437.5,14906.25,233531.25,238500,"-4,968.75",4,PR003,3,P0006
ORD-000337,05-10-2025,06-10-2025,11-10-2025,India, Stationery,1679,260,350,587650,35259,552391,436540,115851,3,PR002,1,P0006
ORD-000337,06-10-2025,07-10-2025,09-10-2025,Germany, Stationery,727,260,350,254450,15267,239183,189020,50163,2,PR001,2,P0006
ORD-000337,07-10-2025,08-10-2025,09-10-2025,Germany, Stationery,1403,260,7,9821,589.26,9231.74,7015,2216.74,2,PR004,3,P0006
ORD-000338,08-10-2025,09-10-2025,16-10-2025,Mexico, Stationery,2076,260,350,726600,43596,683004,539760,143244,4,PR004,4,P0006
ORD-000338,09-10-2025,10-10-2025,11-10-2025,Germany, Mens Fashion ,1757,5,20,35140,2108.4,33031.6,17570,15461.6,2,PR001,3,P0002
ORD-000338,10-10-2025,11-10-2025,16-10-2025,Germany, Womens Fashion ,2198,10,15,32970,1978.2,30991.8,21980,9011.8,2,PR003,1,P0003
ORD-000339,11-10-2025,12-10-2025,19-10-2025,Mexico, Womens Fashion ,1743,10,15,26145,1568.7,24576.3,17430,7146.3,4,PR003,4,P0003
ORD-000339,12-10-2025,13-10-2025,18-10-2025,India, Womens Fashion ,1153,10,15,17295,1037.7,16257.3,11530,4727.3,3,PR004,1,P0003
ORD-000339,13-10-2025,14-10-2025,15-10-2025,India, Womens Fashion ,1757,10,20,35140,2108.4,33031.6,17570,15461.6,3,PR002,3,P0003
ORD-000340,14-10-2025,15-10-2025,22-10-2025,Germany, Team Sports ,1001,120,20,20020,1201.2,18818.8,10010,8808.8,2,PR003,4,P0004
ORD-000340,15-10-2025,16-10-2025,18-10-2025,Germany, Team Sports ,1333,120,7,9331,559.86,8771.14,6665,2106.14,2,PR003,2,P0004
ORD-000340,16-10-2025,17-10-2025,19-10-2025,India, Footwears ,1153,250,15,17295,1037.7,16257.3,11530,4727.3,3,PR001,2,P0005
ORD-000341,17-10-2025,18-10-2025,25-10-2025,Mexico, Electronics ,727,3,12,8724,610.68,8113.32,2181,5932.32,4,PR001,4,P0001
ORD-000341,18-10-2025,19-10-2025,26-10-2025,Germany, Electronics ,1884,3,12,22608,1582.56,21025.44,5652,15373.44,2,PR002,4,P0001
ORD-000341,19-10-2025,20-10-2025,25-10-2025,Brazil, Electronics ,1834,3,20,36680,2567.6,34112.4,18340,15772.4,1,PR003,1,P0001
ORD-000342,20-10-2025,21-10-2025,28-10-2025,Mexico, Mens Fashion ,2340,5,12,28080,1965.6,26114.4,7020,19094.4,4,PR003,4,P0002
ORD-000342,21-10-2025,22-10-2025,27-10-2025,Germany, Mens Fashion ,2342,5,12,28104,1967.28,26136.72,7026,19110.72,2,PR001,1,P0002
ORD-000342,22-10-2025,23-10-2025,24-10-2025,Germany, Womens Fashion ,1031,10,7,7217,505.19,6711.81,5155,1556.81,2,PR003,3,P0003
ORD-000343,23-10-2025,24-10-2025,29-10-2025,Brazil, Team Sports ,1262,120,15,18930,1325.1,17604.9,12620,4984.9,1,PR004,1,P0004
ORD-000343,24-10-2025,25-10-2025,01-11-2025,Brazil, Team Sports ,1135,120,7,7945,556.15,7388.85,5675,1713.85,1,PR001,4,P0004
ORD-000343,25-10-2025,26-10-2025,02-11-2025,India, Team Sports ,547,120,7,3829,268.03,3560.97,2735,825.97,3,PR002,4,P0004
ORD-000344,26-10-2025,27-10-2025,28-10-2025,Mexico, Team Sports ,1582,120,7,11074,775.18,10298.82,7910,2388.82,4,PR001,3,P0004
ORD-000344,27-10-2025,28-10-2025,04-11-2025,Mexico, Footwears ,1738.5,250,12,20862,1460.34,19401.66,5215.5,14186.16,4,PR003,4,P0005
ORD-000344,28-10-2025,29-10-2025,05-11-2025,India, Footwears ,2215,250,12,26580,1860.6,24719.4,6645,18074.4,3,PR002,4,P0005
ORD-000345,29-10-2025,30-10-2025,01-11-2025,Mexico, Footwears ,1582,250,7,11074,775.18,10298.82,7910,2388.82,4,PR001,2,P0005
ORD-000345,30-10-2025,31-10-2025,02-11-2025,Mexico, Stationery,1135,260,7,7945,556.15,7388.85,5675,1713.85,4,PR004,2,P0006
ORD-000345,31-10-2025,01-11-2025,02-11-2025,Mexico, Electronics ,1761,3,350,616350,43144.5,573205.5,457860,115345.5,4,PR004,3,P0001
ORD-000346,01-11-2025,02-11-2025,07-11-2025,Mexico, Electronics ,448,3,300,134400,9408,124992,112000,12992,4,PR001,1,P0001
ORD-000346,02-11-2025,03-11-2025,05-11-2025,Mexico, Electronics ,2181,3,300,654300,45801,608499,545250,63249,4,PR004,2,P0001
ORD-000346,03-11-2025,04-11-2025,09-11-2025,Brazil, Mens Fashion ,1976,5,20,39520,2766.4,36753.6,19760,16993.6,1,PR004,1,P0002
ORD-000347,04-11-2025,05-11-2025,12-11-2025,Mexico, Mens Fashion ,2181,5,300,654300,45801,608499,545250,63249,4,PR004,4,P0002
ORD-000347,05-11-2025,06-11-2025,08-11-2025,Brazil, Mens Fashion ,2500,5,125,312500,21875,290625,300000,"-9,375.00",1,PR002,2,P0002
ORD-000347,06-11-2025,07-11-2025,08-11-2025,Mexico, Womens Fashion ,1702,10,300,510600,35742,474858,425500,49358,4,PR004,3,P0003
ORD-000348,07-11-2025,08-11-2025,09-11-2025,India, Womens Fashion ,448,10,300,134400,9408,124992,112000,12992,3,PR004,3,P0003
ORD-000348,08-11-2025,09-11-2025,10-11-2025,Germany, Womens Fashion ,3513,10,125,439125,30738.75,408386.25,421560,"-13,173.75",2,PR004,3,P0003
ORD-000348,09-11-2025,10-11-2025,12-11-2025,Brazil, Womens Fashion ,2101,10,15,31515,2206.05,29308.95,21010,8298.95,1,PR002,2,P0003
ORD-000349,10-11-2025,11-11-2025,16-11-2025,Mexico, Womens Fashion ,2931,10,15,43965,3077.55,40887.45,29310,11577.45,4,PR001,1,P0003
ORD-000349,11-11-2025,12-11-2025,19-11-2025,India, Womens Fashion ,1535,10,20,30700,2149,28551,15350,13201,3,PR003,4,P0003
ORD-000349,12-11-2025,13-11-2025,18-11-2025,Germany, Womens Fashion ,1123,10,300,336900,23583,313317,280750,32567,2,PR004,1,P0003
ORD-000350,13-11-2025,14-11-2025,19-11-2025,Brazil, Womens Fashion ,1404,10,300,421200,29484,391716,351000,40716,1,PR001,1,P0003
ORD-000350,14-11-2025,15-11-2025,22-11-2025,Germany, Womens Fashion ,2763,10,12,33156,2320.92,30835.08,8289,22546.08,2,PR004,4,P0003
ORD-000350,15-11-2025,16-11-2025,23-11-2025,India, Womens Fashion ,2125,10,7,14875,1041.25,13833.75,10625,3208.75,3,PR002,4,P0003
ORD-000351,16-11-2025,17-11-2025,19-11-2025,Brazil, Team Sports ,1659,120,300,497700,34839,462861,414750,48111,1,PR001,2,P0004
ORD-000351,17-11-2025,18-11-2025,20-11-2025,Germany, Team Sports ,609,120,20,12180,852.6,11327.4,6090,5237.4,2,PR002,2,P0004
ORD-000351,18-11-2025,19-11-2025,21-11-2025,Mexico, Team Sports ,2087,120,125,260875,18261.25,242613.75,250440,"-7,826.25",4,PR004,2,P0004
ORD-000352,19-11-2025,20-11-2025,22-11-2025,Brazil, Team Sports ,1976,120,20,39520,2766.4,36753.6,19760,16993.6,1,PR004,2,P0004
ORD-000352,20-11-2025,21-11-2025,23-11-2025,Germany, Team Sports ,1421,120,20,28420,1989.4,26430.6,14210,12220.6,2,PR002,2,P0004
ORD-000352,21-11-2025,22-11-2025,29-11-2025,India, Team Sports ,1372,120,300,411600,28812,382788,343000,39788,3,PR003,4,P0004
ORD-000353,22-11-2025,23-11-2025,30-11-2025,India, Team Sports ,588,120,20,11760,823.2,10936.8,5880,5056.8,3,PR002,1,P0004
ORD-000353,23-11-2025,24-11-2025,26-11-2025,Brazil, Footwears ,3244.5,250,12,38934,2725.38,36208.62,9733.5,26475.12,1,PR004,2,P0005
ORD-000353,24-11-2025,25-11-2025,27-11-2025,Germany, Footwears ,959,250,300,287700,20219,267561,239750,27811,2,PR002,2,P0005
ORD-000354,25-11-2025,26-11-2025,03-12-2025,Brazil, Footwears ,2747,250,300,824100,57687,766413,686750,79663,1,PR003,1,P0005
ORD-000354,26-11-2025,27-11-2025,29-11-2025,Brazil, Stationery,1645,260,125,205625,14393.75,191231.25,197400,"-6,168.75",1,PR002,2,P0006
ORD-000354,27-11-2025,28-11-2025,05-12-2025,Germany, Stationery,2876,260,350,1006600,70462,936138,747760,188378,2,PR003,1,P0006
ORD-000355,28-11-2025,29-11-2025,06-12-2025,Germany, Stationery,994,260,125,124250,8697.5,115552.5,119280,"-3,727.50",2,PR003,1,P0006
ORD-000355,29-11-2025,30-11-2025,07-12-2025,Mexico, Stationery,1118,260,20,22360,1565.2,20794.8,11180,9614.8,4,PR002,4,P0006
ORD-000355,30-11-2025,01-12-2025,02-12-2025,Germany, Stationery,1372,260,300,411600,28812,382788,343000,39788,2,PR002,3,P0006
ORD-000356,01-12-2025,02-12-2025,09-12-2025,India, Mens Fashion ,488,5,7,3416,273.28,3142.72,2440,702.72,3,PR001,4,P0002
ORD-000356,02-12-2025,03-12-2025,04-12-2025,Brazil, Mens Fashion ,1282,5,20,25640,2051.2,23588.8,12820,10768.8,1,PR004,3,P0002
ORD-000356,03-12-2025,04-12-2025,05-12-2025,Brazil, Womens Fashion ,257,10,7,1799,143.92,1655.08,1285,370.08,1,PR003,3,P0003
ORD-000357,04-12-2025,05-12-2025,06-12-2025,India, Stationery,1282,260,20,25640,2051.2,23588.8,12820,10768.8,3,PR001,3,P0006
ORD-000357,05-12-2025,06-12-2025,08-12-2025,Germany, Electronics ,1540,3,125,192500,15400,177100,184800,"-7,700.00",2,PR002,2,P0001
ORD-000357,06-12-2025,07-12-2025,14-12-2025,India, Electronics ,490,3,15,7350,588,6762,4900,1862,3,PR004,4,P0001
ORD-000358,07-12-2025,08-12-2025,09-12-2025,India, Electronics ,1362,3,350,476700,38136,438564,354120,84444,3,PR001,3,P0001
ORD-000358,08-12-2025,09-12-2025,14-12-2025,Mexico, Mens Fashion ,2501,5,15,37515,3001.2,34513.8,25010,9503.8,4,PR003,1,P0002
ORD-000358,09-12-2025,10-12-2025,12-12-2025,India, Mens Fashion ,708,5,20,14160,1132.8,13027.2,7080,5947.2,3,PR001,2,P0002
ORD-000359,10-12-2025,11-12-2025,18-12-2025,Brazil, Mens Fashion ,645,5,20,12900,1032,11868,6450,5418,1,PR003,4,P0002
ORD-000359,11-12-2025,12-12-2025,13-12-2025,India, Mens Fashion ,1562,5,300,468600,37488,431112,390500,40612,3,PR002,3,P0002
ORD-000359,12-12-2025,13-12-2025,18-12-2025,Brazil, Mens Fashion ,1283,5,300,384900,30792,354108,320750,33358,1,PR004,1,P0002
ORD-000360,13-12-2025,14-12-2025,21-12-2025,Brazil, Mens Fashion ,711,5,15,10665,853.2,9811.8,7110,2701.8,1,PR004,4,P0002
ORD-000360,14-12-2025,15-12-2025,22-12-2025,Brazil, Womens Fashion ,1114,10,125,139250,11140,128110,133680,"-5,570.00",1,PR004,4,P0003
ORD-000360,15-12-2025,16-12-2025,18-12-2025,Germany, Womens Fashion ,1259,10,7,8813,705.04,8107.96,6295,1812.96,2,PR002,2,P0003
ORD-000361,16-12-2025,17-12-2025,24-12-2025,Mexico, Womens Fashion ,1095,10,7,7665,613.2,7051.8,5475,1576.8,4,PR003,4,P0003
ORD-000361,17-12-2025,18-12-2025,20-12-2025,Brazil, Womens Fashion ,1366,10,20,27320,2185.6,25134.4,13660,11474.4,1,PR002,2,P0003
ORD-000361,18-12-2025,19-12-2025,20-12-2025,Brazil, Womens Fashion ,2460,10,300,738000,59040,678960,615000,63960,1,PR004,3,P0003
ORD-000362,19-12-2025,20-12-2025,22-12-2025,Germany, Womens Fashion ,678,10,7,4746,379.68,4366.32,3390,976.32,2,PR002,2,P0003
ORD-000362,20-12-2025,21-12-2025,26-12-2025,Brazil, Womens Fashion ,1598,10,7,11186,894.88,10291.12,7990,2301.12,1,PR002,1,P0003
ORD-000362,21-12-2025,22-12-2025,24-12-2025,India, Womens Fashion ,2409,10,7,16863,1349.04,15513.96,12045,3468.96,3,PR002,2,P0003
ORD-000363,22-12-2025,23-12-2025,28-12-2025,India, Womens Fashion ,1934,10,20,38680,3094.4,35585.6,19340,16245.6,3,PR003,1,P0003
ORD-000363,23-12-2025,24-12-2025,26-12-2025,Mexico, Womens Fashion ,2993,10,20,59860,4788.8,55071.2,29930,25141.2,4,PR001,2,P0003
ORD-000363,24-12-2025,25-12-2025,01-01-2026,Brazil, Womens Fashion ,2146,10,350,751100,60088,691012,557960,133052,1,PR001,4,P0003
ORD-000364,25-12-2025,26-12-2025,27-12-2025,Germany, Womens Fashion ,1946,10,7,13622,1089.76,12532.24,9730,2802.24,2,PR002,3,P0003
ORD-000364,26-12-2025,27-12-2025,01-01-2026,India, Womens Fashion ,1362,10,350,476700,38136,438564,354120,84444,3,PR001,1,P0003
ORD-000364,27-12-2025,28-12-2025,30-12-2025,Germany, Team Sports ,598,120,12,7176,574.08,6601.92,1794,4807.92,2,PR001,2,P0004
ORD-000365,28-12-2025,29-12-2025,31-12-2025,Germany, Team Sports ,2907,120,7,20349,1627.92,18721.08,14535,4186.08,2,PR002,2,P0004
ORD-000365,29-12-2025,30-12-2025,01-01-2026,India, Team Sports ,2338,120,7,16366,1309.28,15056.72,11690,3366.72,3,PR002,2,P0004
ORD-000365,30-12-2025,31-12-2025,07-01-2026,Germany, Team Sports ,386,120,300,115800,9264,106536,96500,10036,2,PR004,4,P0004
ORD-000366,31-12-2025,01-01-2026,08-01-2026,India, Team Sports ,635,120,300,190500,15240,175260,158750,16510,3,PR001,4,P0004
